/*
SQLyog Ultimate v11.11 (64 bit)
MySQL - 5.5.5-10.1.37-MariaDB : Database - haberholding
*********************************************************************
*/

/*!40101 SET NAMES utf8 */;

/*!40101 SET SQL_MODE=''*/;

/*!40014 SET @OLD_UNIQUE_CHECKS=@@UNIQUE_CHECKS, UNIQUE_CHECKS=0 */;
/*!40014 SET @OLD_FOREIGN_KEY_CHECKS=@@FOREIGN_KEY_CHECKS, FOREIGN_KEY_CHECKS=0 */;
/*!40101 SET @OLD_SQL_MODE=@@SQL_MODE, SQL_MODE='NO_AUTO_VALUE_ON_ZERO' */;
/*!40111 SET @OLD_SQL_NOTES=@@SQL_NOTES, SQL_NOTES=0 */;
CREATE DATABASE /*!32312 IF NOT EXISTS*/`haberholding` /*!40100 DEFAULT CHARACTER SET utf8 COLLATE utf8_spanish_ci */;

USE `haberholding`;

/*Table structure for table `bitacora_movimientos_equipo` */

DROP TABLE IF EXISTS `bitacora_movimientos_equipo`;

CREATE TABLE `bitacora_movimientos_equipo` (
  `id` int(11) NOT NULL AUTO_INCREMENT,
  `movimiento` varchar(50) COLLATE utf8_spanish_ci NOT NULL,
  `id_equipo` int(11) NOT NULL,
  `id_usu` int(11) NOT NULL,
  `comentario` varchar(65) COLLATE utf8_spanish_ci NOT NULL,
  `registro` datetime NOT NULL DEFAULT CURRENT_TIMESTAMP,
  `status` tinyint(4) NOT NULL DEFAULT '1',
  PRIMARY KEY (`id`)
) ENGINE=InnoDB AUTO_INCREMENT=14 DEFAULT CHARSET=utf8 COLLATE=utf8_spanish_ci;

/*Data for the table `bitacora_movimientos_equipo` */

insert  into `bitacora_movimientos_equipo`(`id`,`movimiento`,`id_equipo`,`id_usu`,`comentario`,`registro`,`status`) values (1,'Desasignar Equipo',3,1,'1 desasigno el equipo a Enrique Damasco(1)','2019-12-27 23:10:03',1),(2,'Desasignar Equipo',1,1,'1 desasigno el equipo a Carolina Velez(2)','2019-12-27 23:11:09',1),(3,'Asignar Equipo',1,1,'No. Empleado(1) asigno el equipo a Enrique Damasco(1)','2019-12-27 23:14:13',1),(4,'Añadir Componentes',4,1,'No. Empleado(1) le añadio el compone dsadsa','2019-12-27 23:19:57',1),(5,'Quitar Componentes',8,1,'No. Empleado(1) le retiro el compone dsadsa','2019-12-27 23:24:14',1),(6,'Quitar Componentes',4,1,'No. Empleado(1) le retiro el compone M-1525','2019-12-27 23:24:56',1),(7,'Añadir Software',4,1,'No. Empleado(1) le añadio el software Windows 7','2019-12-27 23:29:18',1),(8,'Quitar Componentes',4,1,'No. Empleado(1) le retiro el compone Windows 7','2019-12-27 23:29:39',1),(9,'Envio a Reparación',4,1,'No. Empleado(1) Envió a Reparación el Equipo FT150','2019-12-27 23:50:49',1),(10,'Envio a Garantía',4,1,'No. Empleado(1) Envió a Garantía el Equipo FT150','2019-12-27 23:51:04',1),(11,'Elimino Equipo',4,1,'No. Empleado(1) Elimino el Equipo FT150','2019-12-27 23:51:18',1),(12,'Envio a Reparación',2,1,'No. Empleado(1) Envió a Reparación el Equipo dsadsa','2019-12-28 00:11:26',1),(13,'Asignar Equipo',4,1,'No. Empleado(1) asigno el equipo a Carolina Velez(2)','2020-05-05 12:56:29',1);

/*Table structure for table `clasificaciones` */

DROP TABLE IF EXISTS `clasificaciones`;

CREATE TABLE `clasificaciones` (
  `id` int(11) NOT NULL AUTO_INCREMENT,
  `nombre` varchar(100) COLLATE utf8_spanish_ci NOT NULL,
  `tipo` tinyint(4) NOT NULL DEFAULT '1' COMMENT '1 Software/2Hardware',
  `status` tinyint(4) NOT NULL DEFAULT '1',
  `registro` datetime NOT NULL DEFAULT CURRENT_TIMESTAMP,
  PRIMARY KEY (`id`)
) ENGINE=InnoDB AUTO_INCREMENT=10 DEFAULT CHARSET=utf8 COLLATE=utf8_spanish_ci;

/*Data for the table `clasificaciones` */

insert  into `clasificaciones`(`id`,`nombre`,`tipo`,`status`,`registro`) values (1,'S.O.',1,1,'2019-12-27 09:08:32'),(2,'Antivirus',1,1,'2019-12-27 09:08:32'),(3,'Tarjeta Madre',2,1,'2019-12-27 09:11:53'),(4,'Office',1,1,'2019-12-27 09:22:20'),(5,'Mouse',2,1,'2019-12-27 09:39:06'),(6,'Teclado',2,1,'2019-12-27 09:39:06'),(7,'ALL IN ONE',2,1,'2019-12-27 12:17:34'),(8,'GABINETE',2,1,'2019-12-27 12:17:45'),(9,'LAPTOP',2,1,'2019-12-27 12:18:09');

/*Table structure for table `componentes` */

DROP TABLE IF EXISTS `componentes`;

CREATE TABLE `componentes` (
  `id` int(11) NOT NULL AUTO_INCREMENT,
  `nombre` varchar(35) COLLATE utf8_spanish_ci NOT NULL,
  `id_clasificacion` int(11) NOT NULL,
  `descripcion` varchar(35) COLLATE utf8_spanish_ci NOT NULL,
  `fecha_max_garantia` date DEFAULT NULL,
  `id_marca` int(11) NOT NULL,
  `id_modelo` int(11) NOT NULL,
  `registro` datetime NOT NULL DEFAULT CURRENT_TIMESTAMP,
  `status` tinyint(4) NOT NULL DEFAULT '1',
  PRIMARY KEY (`id`),
  KEY `FK_id_marca` (`id_marca`),
  KEY `FK_id_modelo` (`id_modelo`),
  KEY `FK_idclasificacion_componente` (`id_clasificacion`),
  CONSTRAINT `FK_id_marca` FOREIGN KEY (`id_marca`) REFERENCES `marcas` (`id`),
  CONSTRAINT `FK_id_modelo` FOREIGN KEY (`id_modelo`) REFERENCES `modelos` (`id`),
  CONSTRAINT `FK_idclasificacion_componente` FOREIGN KEY (`id_clasificacion`) REFERENCES `clasificaciones` (`id`)
) ENGINE=InnoDB AUTO_INCREMENT=5 DEFAULT CHARSET=utf8 COLLATE=utf8_spanish_ci;

/*Data for the table `componentes` */

insert  into `componentes`(`id`,`nombre`,`id_clasificacion`,`descripcion`,`fecha_max_garantia`,`id_marca`,`id_modelo`,`registro`,`status`) values (1,'fz1550',5,'Mouse Inalambrico color negro','2019-12-12',1,7,'0000-00-00 00:00:00',1),(2,'dsadsa',6,'jajaajaj','2019-12-06',2,6,'2019-12-27 11:00:56',0),(3,'dsadsa',8,'dsadsa','2019-12-21',2,6,'2019-12-27 14:44:29',1),(4,'M-1525',5,'Mouse Negro Inalambrico',NULL,2,6,'2019-12-27 22:14:30',1);

/*Table structure for table `departamentos` */

DROP TABLE IF EXISTS `departamentos`;

CREATE TABLE `departamentos` (
  `id_depto` int(11) NOT NULL AUTO_INCREMENT COMMENT 'ID departamento',
  `nombre_depto` varchar(150) COLLATE utf8_spanish_ci DEFAULT NULL COMMENT 'Nombre',
  `registro_depto` datetime DEFAULT CURRENT_TIMESTAMP COMMENT 'Registro',
  `status_depto` tinyint(4) NOT NULL DEFAULT '1' COMMENT 'Status',
  PRIMARY KEY (`id_depto`)
) ENGINE=InnoDB AUTO_INCREMENT=11 DEFAULT CHARSET=utf8 COLLATE=utf8_spanish_ci;

/*Data for the table `departamentos` */

insert  into `departamentos`(`id_depto`,`nombre_depto`,`registro_depto`,`status_depto`) values (1,'Sistemas','2019-11-19 22:37:43',1),(2,'Contabilidad','2019-11-19 23:00:39',1),(3,'Marketing','2019-11-19 23:07:42',0),(4,'Ventas','2019-12-27 01:38:04',1),(5,'sa','2019-12-27 02:25:26',0),(6,'dsadas','2019-12-27 02:25:56',0),(7,'dsadsa','2019-12-27 02:26:37',0),(8,'fddf','2019-12-27 02:27:19',0),(9,'a','2019-12-27 02:29:04',0),(10,'das','2019-12-27 02:35:07',0);

/*Table structure for table `equipos` */

DROP TABLE IF EXISTS `equipos`;

CREATE TABLE `equipos` (
  `id` int(11) NOT NULL AUTO_INCREMENT,
  `serie` varchar(150) COLLATE utf8_spanish_ci DEFAULT NULL,
  `clasificacion` int(11) NOT NULL,
  `id_modelo` int(11) NOT NULL,
  `id_marca` int(11) NOT NULL,
  `fecha_max_garantia` date DEFAULT NULL,
  `comentarios` text COLLATE utf8_spanish_ci,
  `registro` datetime NOT NULL DEFAULT CURRENT_TIMESTAMP,
  `status` tinyint(4) NOT NULL DEFAULT '1',
  PRIMARY KEY (`id`),
  KEY `FK_id_marca_equipo` (`id_marca`),
  KEY `FK_id_modelo_equipo` (`id_modelo`),
  KEY `FK_id_clasificacion_equipo` (`clasificacion`),
  CONSTRAINT `FK_id_clasificacion_equipo` FOREIGN KEY (`clasificacion`) REFERENCES `clasificaciones` (`id`),
  CONSTRAINT `FK_id_marca_equipo` FOREIGN KEY (`id_marca`) REFERENCES `marcas` (`id`),
  CONSTRAINT `FK_id_modelo_equipo` FOREIGN KEY (`id_modelo`) REFERENCES `modelos` (`id`)
) ENGINE=InnoDB AUTO_INCREMENT=234 DEFAULT CHARSET=utf8 COLLATE=utf8_spanish_ci;

/*Data for the table `equipos` */

insert  into `equipos`(`id`,`serie`,`clasificacion`,`id_modelo`,`id_marca`,`fecha_max_garantia`,`comentarios`,`registro`,`status`) values (1,'0078',8,7,1,'2019-12-27','core i 7  funcionando bien','2019-12-27 12:43:07',0),(2,'dsadsa',8,4,1,NULL,'dsadsa','2019-12-27 13:03:04',3),(3,'dsa',5,6,2,NULL,'dsadsa','2019-12-27 13:04:31',0),(4,'FT150',9,4,1,NULL,'Procesaro intel core i9 8va generación\r\nram de 4gb','2019-12-27 22:13:52',2),(5,'HZGZSM2',8,9,1,'2021-03-14',NULL,'2021-03-15 16:02:18',2),(6,'GC4D4Z2',7,15,1,'2021-03-14',NULL,'2021-03-15 16:02:18',2),(7,'DNB1TM2',8,9,1,'2021-03-14',NULL,'2021-03-15 16:02:18',2),(8,'8CFQ0T2',7,10,1,'2021-03-14',NULL,'2021-03-15 16:02:18',2),(9,'BTCR9T2',7,10,1,'2021-03-14',NULL,'2021-03-15 16:02:18',2),(10,'9MYCJG2',8,11,1,'2021-03-14',NULL,'2021-03-15 16:02:18',2),(11,'9NY9JG2',8,11,1,'2021-03-14',NULL,'2021-03-15 16:02:18',2),(12,'28L9W52',8,13,1,'2021-03-14',NULL,'2021-03-15 16:02:18',2),(13,'9NJ6JG2',8,11,1,'2021-03-14',NULL,'2021-03-15 16:02:18',2),(14,'9MJ5JG2',8,11,1,'2021-03-14',NULL,'2021-03-15 16:02:18',2),(15,'9ND5JG2',8,11,1,'2021-03-14',NULL,'2021-03-15 16:02:18',2),(16,'9MX8JG2',8,11,1,'2021-03-14',NULL,'2021-03-15 16:02:18',2),(17,'BTHT9T2',7,10,1,'2021-03-14',NULL,'2021-03-15 16:02:18',2),(18,'8C8S0T2',7,10,1,'2021-03-14',NULL,'2021-03-15 16:02:18',2),(19,'BTFQ9T2',7,10,1,'2021-03-14',NULL,'2021-03-15 16:02:18',2),(20,'HZ9QGM2',8,9,1,'2021-03-14',NULL,'2021-03-15 16:02:18',2),(21,'9MK9JG2',8,11,1,'2021-03-14',NULL,'2021-03-15 16:02:18',2),(22,'8CBS0T2',7,10,1,'2021-03-14',NULL,'2021-03-15 16:02:18',2),(23,'BTXR9T2',7,10,1,'2021-03-14',NULL,'2021-03-15 16:02:18',2),(24,'8CBV0T2',7,10,1,'2021-03-14',NULL,'2021-03-15 16:02:18',2),(25,'BTTP9T2',7,10,1,'2021-03-14',NULL,'2021-03-15 16:02:18',2),(26,'FFQY5V1',8,16,1,'2021-03-14',NULL,'2021-03-15 16:02:18',2),(27,'BTGT9T2',7,10,1,'2021-03-14',NULL,'2021-03-15 16:02:18',2),(28,'9ML5JG2',8,11,1,'2021-03-14',NULL,'2021-03-15 16:02:18',2),(29,'BTPN9T2',7,10,1,'2021-03-14',NULL,'2021-03-15 16:02:18',2),(30,'34LVJ02',8,13,1,'2021-03-14',NULL,'2021-03-15 16:02:18',2),(31,'34JVJ02',8,13,1,'2021-03-14',NULL,'2021-03-15 16:02:18',2),(32,'MXL3401357',8,14,4,'2021-03-14',NULL,'2021-03-15 16:02:18',2),(33,'34LRJ02',8,13,1,'2021-03-14',NULL,'2021-03-15 16:02:18',2),(34,'9MJ8JG2',8,11,1,'2021-03-14',NULL,'2021-03-15 16:02:18',2),(35,'BTDN9T2',7,10,1,'2021-03-14',NULL,'2021-03-15 16:02:18',2),(36,'8CDV0T2',7,10,1,'2021-03-14',NULL,'2021-03-15 16:02:18',2),(37,'BTWP9T2',7,10,1,'2021-03-14',NULL,'2021-03-15 16:02:18',2),(38,'9MT9JG2',8,11,1,'2021-03-14',NULL,'2021-03-15 16:02:18',2),(39,'BTSQ9T2',7,10,1,'2021-03-14',NULL,'2021-03-15 16:02:18',2),(40,'34FSJ02',8,13,1,'2021-03-14',NULL,'2021-03-15 16:02:18',2),(41,'BTHR9T2',7,10,1,'2021-03-14',NULL,'2021-03-15 16:02:18',2),(42,'9P25JG2',8,11,1,'2021-03-14',NULL,'2021-03-15 16:02:18',2),(43,'BTBP9T2',7,10,1,'2021-03-14',NULL,'2021-03-15 16:02:18',2),(44,'8CFW0T2',7,10,1,'2021-03-14',NULL,'2021-03-15 16:02:18',2),(45,'BTLR9T2',7,10,1,'2021-03-14',NULL,'2021-03-15 16:02:18',2),(46,'BTXP9T2',7,10,1,'2021-03-14',NULL,'2021-03-15 16:02:18',2),(47,'8C5X0T2',7,10,1,'2021-03-14',NULL,'2021-03-15 16:02:18',2),(48,'34BSJ02',8,13,1,'2021-03-14',NULL,'2021-03-15 16:02:18',2),(49,'9NG9JG2',8,11,1,'2021-03-14',NULL,'2021-03-15 16:02:18',2),(50,'8C8V0T2',7,10,1,'2021-03-14',NULL,'2021-03-15 16:02:18',2),(51,'D4ZG1T2',7,10,1,'2021-03-14',NULL,'2021-03-15 16:02:18',2),(52,'9N39JG2',8,11,1,'2021-03-14',NULL,'2021-03-15 16:02:18',2),(53,'8CGV0T2',7,10,1,'2021-03-14',NULL,'2021-03-15 16:02:18',2),(54,'8CGT0T2',7,10,1,'2021-03-14',NULL,'2021-03-15 16:02:18',2),(55,'BTPQ9T2',7,10,1,'2021-03-14',NULL,'2021-03-15 16:02:18',2),(56,'8CHQ0T2',7,10,1,'2021-03-14',NULL,'2021-03-15 16:02:18',2),(57,'BTVQ9T2',7,10,1,'2021-03-14',NULL,'2021-03-15 16:02:18',2),(58,'8C5V0T2',7,10,1,'2021-03-14',NULL,'2021-03-15 16:02:18',2),(59,'8C7X0T2',7,10,1,'2021-03-14',NULL,'2021-03-15 16:02:18',2),(60,'BTJR9T2',7,10,1,'2021-03-14',NULL,'2021-03-15 16:02:18',2),(61,'8C8R0T2',7,10,1,'2021-03-14',NULL,'2021-03-15 16:02:18',2),(62,'8C9T0T2',7,10,1,'2021-03-14',NULL,'2021-03-15 16:02:18',2),(63,'8CBR0T2',7,10,1,'2021-03-14',NULL,'2021-03-15 16:02:18',2),(64,'BTVP9T2',7,10,1,'2021-03-14',NULL,'2021-03-15 16:02:18',2),(65,'8C5S0T2',7,10,1,'2021-03-14',NULL,'2021-03-15 16:02:18',2),(66,'9NP6JG2',8,11,1,'2021-03-14',NULL,'2021-03-15 16:02:18',2),(67,'9N4BJG2',8,11,1,'2021-03-14',NULL,'2021-03-15 16:02:18',2),(68,'BTDR9T2',7,10,1,'2021-03-14',NULL,'2021-03-15 16:02:18',2),(69,'8CFV0T2',7,10,1,'2021-03-14',NULL,'2021-03-15 16:02:18',2),(70,'8C9Q0T2',7,10,1,'2021-03-14',NULL,'2021-03-15 16:02:18',2),(71,'8CHV0T2',7,10,1,'2021-03-14',NULL,'2021-03-15 16:02:18',2),(72,'8C6V0T2',7,10,1,'2021-03-14',NULL,'2021-03-15 16:02:18',2),(73,'9MSBJG2',8,11,1,'2021-03-14',NULL,'2021-03-15 16:02:18',2),(74,'34TVJ02',8,13,1,'2021-03-14',NULL,'2021-03-15 16:02:18',2),(75,'9MP8JG2',8,11,1,'2021-03-14',NULL,'2021-03-15 16:02:18',2),(76,'9MN9JG2',8,11,1,'2021-03-14',NULL,'2021-03-15 16:02:18',2),(77,'1BRWSD2',8,11,1,'2021-03-14',NULL,'2021-03-15 16:02:18',2),(78,'9P59JG2',8,11,1,'2021-03-14',NULL,'2021-03-15 16:02:18',2),(79,'BTNT9T2',7,10,1,'2021-03-14',NULL,'2021-03-15 16:02:18',2),(80,'34SVJ02',8,13,1,'2021-03-14',NULL,'2021-03-15 16:02:18',2),(81,'8C9W0T2',7,10,1,'2021-03-14',NULL,'2021-03-15 16:02:18',2),(82,'8C6W0T2',7,10,1,'2021-03-14',NULL,'2021-03-15 16:02:18',2),(83,'9N0DJG2',8,11,1,'2021-03-14',NULL,'2021-03-15 16:02:18',2),(84,'8C6X0T2',7,10,1,'2021-03-14',NULL,'2021-03-15 16:02:18',2),(85,'BTRT9T2',7,10,1,'2021-03-14',NULL,'2021-03-15 16:02:18',2),(86,'9MQ7JG2',8,11,1,'2021-03-14',NULL,'2021-03-15 16:02:18',2),(87,'9MW3JG2',8,11,1,'2021-03-14',NULL,'2021-03-15 16:02:18',2),(88,'8C9R0T2',7,10,1,'2021-03-14',NULL,'2021-03-15 16:02:18',2),(89,'8C6T0T2',7,10,1,'2021-03-14',NULL,'2021-03-15 16:02:18',2),(90,'BTCT9T2',7,10,1,'2021-03-14',NULL,'2021-03-15 16:02:18',2),(91,'BTGP9T2',7,10,1,'2021-03-14',NULL,'2021-03-15 16:02:18',2),(92,'8C5T0T2',7,10,1,'2021-03-14',NULL,'2021-03-15 16:02:18',2),(93,'9N58JG2',8,11,1,'2021-03-14',NULL,'2021-03-15 16:02:18',2),(94,'9P2DJG2',8,11,1,'2021-03-14',NULL,'2021-03-15 16:02:18',2),(95,'HZMQGM2',8,9,1,'2021-03-14',NULL,'2021-03-15 16:02:18',2),(96,'BTMN9T2',7,10,1,'2021-03-14',NULL,'2021-03-15 16:02:18',2),(97,'BTQQ9T2',7,10,1,'2021-03-14',NULL,'2021-03-15 16:02:18',2),(98,'BTTT9T2',7,10,1,'2021-03-14',NULL,'2021-03-15 16:02:18',2),(99,'34STJ02',8,13,1,'2021-03-14',NULL,'2021-03-15 16:02:18',2),(100,'BTMT9T2',7,10,1,'2021-03-14',NULL,'2021-03-15 16:02:18',2),(101,'BTSN9T2',7,10,1,'2021-03-14',NULL,'2021-03-15 16:02:18',2),(102,'34CSJ02',8,13,1,'2021-03-14',NULL,'2021-03-15 16:02:18',2),(103,'BTTQ9T2',7,10,1,'2021-03-14',NULL,'2021-03-15 16:02:18',2),(104,'BTNQ9T2',7,10,1,'2021-03-14',NULL,'2021-03-15 16:02:18',2),(105,'BTNN9T2',7,10,1,'2021-03-14',NULL,'2021-03-15 16:02:18',2),(106,'BTJS9T2',7,10,1,'2021-03-14',NULL,'2021-03-15 16:02:18',2),(107,'BTSR9T2',7,10,1,'2021-03-14',NULL,'2021-03-15 16:02:18',2),(108,'8C7R0T2',7,10,1,'2021-03-14',NULL,'2021-03-15 16:02:18',2),(109,'8CCS0T2',7,10,1,'2021-03-14',NULL,'2021-03-15 16:02:18',2),(110,'BTWN9T2',7,10,1,'2021-03-14',NULL,'2021-03-15 16:02:18',2),(111,'8C6S0T2',7,10,1,'2021-03-14',NULL,'2021-03-15 16:02:18',2),(112,'8C7V0T2',7,10,1,'2021-03-14',NULL,'2021-03-15 16:02:18',2),(113,'9P34JG2',8,11,1,'2021-03-14',NULL,'2021-03-15 16:02:18',2),(114,'8CGR0T2',7,10,1,'2021-03-14',NULL,'2021-03-15 16:02:18',2),(115,'8C6Q0T2',7,10,1,'2021-03-14',NULL,'2021-03-15 16:02:18',2),(116,'8CCQ0T2',7,10,1,'2021-03-14',NULL,'2021-03-15 16:02:18',2),(117,'9NQ9JG2',8,11,1,'2021-03-14',NULL,'2021-03-15 16:02:18',2),(118,'BTQN9T2',7,10,1,'2021-03-14',NULL,'2021-03-15 16:02:18',2),(119,'9NSBJG2',8,11,1,'2021-03-14',NULL,'2021-03-15 16:02:18',2),(120,'9P67JG2',8,11,1,'2021-03-14',NULL,'2021-03-15 16:02:18',2),(121,'9N79JG2',8,11,1,'2021-03-14',NULL,'2021-03-15 16:02:18',2),(122,'9MM9JG2',8,11,1,'2021-03-14',NULL,'2021-03-15 16:02:18',2),(123,'DNB1TM2',8,9,1,'2021-03-14',NULL,'2021-03-15 16:02:18',2),(124,'BTFP9T2',7,10,1,'2021-03-14',NULL,'2021-03-15 16:02:18',2),(125,'34RTJ02',8,13,1,'2021-03-14',NULL,'2021-03-15 16:02:18',2),(180,'8C8W0T2',7,10,1,'2021-03-14',NULL,'2021-03-15 16:53:55',2),(181,'8CFR0T2',7,10,1,'2021-03-14',NULL,'2021-03-15 16:53:55',2),(182,'8C5W0T2',7,10,1,'2021-03-14',NULL,'2021-03-15 16:53:55',2),(183,'8C7S0T2',7,10,1,'2021-03-14',NULL,'2021-03-15 16:53:55',2),(184,'34CWJ02',8,13,1,'2021-03-14',NULL,'2021-03-15 16:53:55',2),(185,'8C6R0T2',7,10,1,'2021-03-14',NULL,'2021-03-15 16:53:55',2),(186,'BTKN9T2',7,10,1,'2021-03-14',NULL,'2021-03-15 16:53:55',2),(187,'1K23BT2',7,10,1,'2021-03-14',NULL,'2021-03-15 16:53:55',2),(188,'9N24JG2',8,11,1,'2021-03-14',NULL,'2021-03-15 16:53:55',2),(189,'8C7T0T2',7,10,1,'2021-03-14',NULL,'2021-03-15 16:53:55',2),(190,'9MM4JG2',8,11,1,'2021-03-14',NULL,'2021-03-15 16:53:55',2),(191,'8CHT0T2',7,10,1,'2021-03-14',NULL,'2021-03-15 16:53:55',2),(192,'34KVJ02',8,13,1,'2021-03-14',NULL,'2021-03-15 16:53:55',2),(193,'8CBT0T2',7,10,1,'2021-03-14',NULL,'2021-03-15 16:53:55',2),(194,'BTPS9T2',7,10,1,'2021-03-14',NULL,'2021-03-15 16:53:55',2),(195,'BTHP9T2',7,10,1,'2021-03-14',NULL,'2021-03-15 16:53:55',2),(196,'HZHMGM2',8,9,1,'2021-03-14',NULL,'2021-03-15 16:53:55',2),(197,'8C9S0T2',7,10,1,'2021-03-14',NULL,'2021-03-15 16:53:55',2),(198,'HZJ59M2',8,9,1,'2021-03-14',NULL,'2021-03-15 16:53:55',2),(199,'9P47JG2',8,11,1,'2021-03-14',NULL,'2021-03-15 16:53:55',2),(200,'BTNP9T2',7,10,1,'2021-03-14',NULL,'2021-03-15 16:53:55',2),(201,'8CDR0T2',7,10,1,'2021-03-14',NULL,'2021-03-15 16:53:55',2),(202,'8C7Q0T2',7,10,1,'2021-03-14',NULL,'2021-03-15 16:53:55',2),(203,'BTRS9T2',7,10,1,'2021-03-14',NULL,'2021-03-15 16:53:55',2),(204,'34VTJ02',8,13,1,'2021-03-14',NULL,'2021-03-15 16:53:55',2),(205,'8CCR0T2',7,10,1,'2021-03-14',NULL,'2021-03-15 16:53:55',2),(206,'9MJCJG2',8,11,1,'2021-03-14',NULL,'2021-03-15 16:53:55',2),(207,'BTBR9T2',7,10,1,'2021-03-14',NULL,'2021-03-15 16:53:55',2),(208,'9P0CJG2',8,11,1,'2021-03-14',NULL,'2021-03-15 16:53:55',2),(209,'9NCBJG2',8,11,1,'2021-03-14',NULL,'2021-03-15 16:53:55',2),(210,'9NMCJG2',8,11,1,'2021-03-14',NULL,'2021-03-15 16:53:55',2),(211,'BTLS9T2',7,10,1,'2021-03-14',NULL,'2021-03-15 16:53:55',2),(212,'8C8Q0T2',7,10,1,'2021-03-14',NULL,'2021-03-15 16:53:55',2),(213,'8C9V0T2',7,10,1,'2021-03-14',NULL,'2021-03-15 16:53:55',2),(214,'HZ8SGM2',8,9,1,'2021-03-14',NULL,'2021-03-15 16:53:55',2),(215,'34PTJ02',8,13,1,'2021-03-14',NULL,'2021-03-15 16:53:55',2),(216,'29Z6W52',8,13,1,'2021-03-14',NULL,'2021-03-15 16:53:55',2),(217,'8C8T0T2',7,10,1,'2021-03-14',NULL,'2021-03-15 16:53:55',2),(218,'9P58JG2',8,11,1,'2021-03-14',NULL,'2021-03-15 16:53:55',2),(219,'HZGC9M2',8,9,1,'2021-03-14',NULL,'2021-03-15 16:53:55',2),(220,'HRLMR52',8,13,1,'2021-03-14',NULL,'2021-03-15 16:53:55',2),(221,'D50G1T2',7,10,1,'2021-03-14',NULL,'2021-03-15 16:53:55',2),(222,'1K18BT2',7,10,1,'2021-03-14',NULL,'2021-03-15 16:53:55',2),(223,'8CCT0T2',7,10,1,'2021-03-14',NULL,'2021-03-15 16:53:55',2),(224,'8CGW0T2',7,10,1,'2021-03-14',NULL,'2021-03-15 16:53:55',2),(225,'8CDT0T2',7,10,1,'2021-03-14',NULL,'2021-03-15 16:53:55',2),(226,'BTXQ9T2',7,10,1,'2021-03-14',NULL,'2021-03-15 16:53:55',2),(227,'34BWJ02',8,13,1,'2021-03-14',NULL,'2021-03-15 16:53:55',2),(228,'BTFN9T2',7,10,1,'2021-03-14',NULL,'2021-03-15 16:53:55',2),(229,'8CGS0T2',7,10,1,'2021-03-14',NULL,'2021-03-15 16:53:55',2),(230,'9MN5JG2',8,11,1,'2021-03-14',NULL,'2021-03-15 16:53:55',2),(231,'34GRJ02',8,13,1,'2021-03-14',NULL,'2021-03-15 16:53:55',2),(232,'8CDW0T2',7,10,1,'2021-03-14',NULL,'2021-03-15 16:53:55',2),(233,'8CCW0T2',7,10,1,'2021-03-14',NULL,'2021-03-15 16:53:55',2);

/*Table structure for table `equipos_componente` */

DROP TABLE IF EXISTS `equipos_componente`;

CREATE TABLE `equipos_componente` (
  `id` int(11) NOT NULL AUTO_INCREMENT,
  `id_equipo` int(11) NOT NULL,
  `id_componente` int(11) NOT NULL,
  `registro` timestamp NOT NULL DEFAULT CURRENT_TIMESTAMP,
  `status` tinyint(4) NOT NULL DEFAULT '1',
  PRIMARY KEY (`id`),
  KEY `FK_componente_equipo` (`id_equipo`),
  KEY `FK_componente_equipo_equipo` (`id_componente`),
  CONSTRAINT `FK_componente_equipo` FOREIGN KEY (`id_equipo`) REFERENCES `equipos` (`id`),
  CONSTRAINT `FK_componente_equipo_equipo` FOREIGN KEY (`id_componente`) REFERENCES `componentes` (`id`)
) ENGINE=InnoDB AUTO_INCREMENT=9 DEFAULT CHARSET=utf8 COLLATE=utf8_spanish_ci;

/*Data for the table `equipos_componente` */

insert  into `equipos_componente`(`id`,`id_equipo`,`id_componente`,`registro`,`status`) values (2,1,1,'2019-12-27 14:15:19',0),(3,1,1,'2019-12-27 14:26:49',1),(4,3,1,'2019-12-27 14:27:06',1),(5,1,1,'2019-12-27 14:33:43',0),(6,1,3,'2019-12-27 14:44:35',0),(7,4,4,'2019-12-27 22:15:22',0),(8,4,3,'2019-12-27 23:19:57',0);

/*Table structure for table `equipos_software` */

DROP TABLE IF EXISTS `equipos_software`;

CREATE TABLE `equipos_software` (
  `id` int(11) NOT NULL AUTO_INCREMENT,
  `id_equipo` int(11) NOT NULL,
  `id_componente` int(11) NOT NULL,
  `registro` timestamp NOT NULL DEFAULT CURRENT_TIMESTAMP,
  `status` tinyint(4) NOT NULL DEFAULT '1',
  PRIMARY KEY (`id`)
) ENGINE=InnoDB AUTO_INCREMENT=21 DEFAULT CHARSET=utf8 COLLATE=utf8_spanish_ci;

/*Data for the table `equipos_software` */

insert  into `equipos_software`(`id`,`id_equipo`,`id_componente`,`registro`,`status`) values (9,1,1,'2019-12-27 14:35:00',1),(16,1,3,'2019-12-27 14:42:05',1),(18,4,3,'2019-12-27 22:15:33',1),(19,4,1,'2019-12-27 23:26:39',1),(20,4,1,'2019-12-27 23:29:18',0);

/*Table structure for table `marcas` */

DROP TABLE IF EXISTS `marcas`;

CREATE TABLE `marcas` (
  `id` int(11) NOT NULL AUTO_INCREMENT,
  `nombre` varchar(35) COLLATE utf8_spanish_ci NOT NULL,
  `status` tinyint(4) NOT NULL DEFAULT '1',
  `registro` datetime NOT NULL DEFAULT CURRENT_TIMESTAMP,
  PRIMARY KEY (`id`)
) ENGINE=InnoDB AUTO_INCREMENT=5 DEFAULT CHARSET=utf8 COLLATE=utf8_spanish_ci;

/*Data for the table `marcas` */

insert  into `marcas`(`id`,`nombre`,`status`,`registro`) values (1,'DELL',1,'2019-12-27 09:33:28'),(2,'ASUS',1,'2019-12-27 09:33:28'),(4,'Hewlett-Packard',1,'2021-03-15 13:51:27');

/*Table structure for table `modelos` */

DROP TABLE IF EXISTS `modelos`;

CREATE TABLE `modelos` (
  `id` int(11) NOT NULL AUTO_INCREMENT,
  `nombre` varchar(35) COLLATE utf8_spanish_ci NOT NULL,
  `id_marca` int(11) NOT NULL,
  `status` tinyint(4) NOT NULL DEFAULT '1',
  `registro` datetime NOT NULL DEFAULT CURRENT_TIMESTAMP,
  PRIMARY KEY (`id`),
  KEY `FK_id_marca_modelo` (`id_marca`),
  CONSTRAINT `FK_id_marca_modelo` FOREIGN KEY (`id_marca`) REFERENCES `marcas` (`id`)
) ENGINE=InnoDB AUTO_INCREMENT=17 DEFAULT CHARSET=utf8 COLLATE=utf8_spanish_ci;

/*Data for the table `modelos` */

insert  into `modelos`(`id`,`nombre`,`id_marca`,`status`,`registro`) values (4,'Inspiron 15',1,0,'2019-12-27 00:00:00'),(5,'Inspiron 13',1,0,'0000-00-00 00:00:00'),(6,'Rog',2,1,'2019-12-27 00:00:00'),(7,'KM636',1,0,'2019-12-27 09:40:52'),(8,'ssadd',1,0,'2019-12-27 11:43:52'),(9,'OptiPlex 3050',1,1,'2021-03-15 13:49:03'),(10,'OptiPlex 5260 AIO',1,1,'2021-03-15 13:49:49'),(11,'OptiPlex 3040',1,0,'2021-03-15 13:50:09'),(13,'OptiPlex 3020',1,1,'2021-03-15 13:51:01'),(14,'HP EliteDesk 800 G1 SFF',4,1,'2021-03-15 13:52:05'),(15,'OptiPlex 5270 AIO',1,1,'2021-03-15 14:48:13'),(16,'OptiPlex 790',1,1,'2021-03-15 14:48:25');

/*Table structure for table `modulos` */

DROP TABLE IF EXISTS `modulos`;

CREATE TABLE `modulos` (
  `id_modulo` int(11) NOT NULL AUTO_INCREMENT COMMENT 'ID Modulo',
  `nombre_modulo` varchar(150) COLLATE utf8_spanish_ci DEFAULT NULL COMMENT 'Nombre',
  `ruta_modulo` varchar(50) COLLATE utf8_spanish_ci NOT NULL COMMENT 'Ruta',
  `icono_modulo` varchar(50) COLLATE utf8_spanish_ci NOT NULL COMMENT 'Icono',
  `registro_modulo` datetime NOT NULL DEFAULT CURRENT_TIMESTAMP COMMENT 'Fecha de Registro',
  `status_modulo` int(11) NOT NULL DEFAULT '1' COMMENT 'Status',
  PRIMARY KEY (`id_modulo`)
) ENGINE=InnoDB AUTO_INCREMENT=3 DEFAULT CHARSET=utf8 COLLATE=utf8_spanish_ci;

/*Data for the table `modulos` */

insert  into `modulos`(`id_modulo`,`nombre_modulo`,`ruta_modulo`,`icono_modulo`,`registro_modulo`,`status_modulo`) values (1,'Usuarios','/usuarios','fas fa-child','2019-11-21 23:11:03',1),(2,'Equipos','/equipos','fas fa-desktop','2019-11-21 23:54:28',1);

/*Table structure for table `permisos_submodulos` */

DROP TABLE IF EXISTS `permisos_submodulos`;

CREATE TABLE `permisos_submodulos` (
  `id` int(11) NOT NULL AUTO_INCREMENT,
  `nombre` varchar(150) COLLATE utf8_spanish_ci DEFAULT NULL,
  `idsubmodulo` int(11) NOT NULL,
  `registro` datetime NOT NULL DEFAULT CURRENT_TIMESTAMP,
  `status` tinyint(4) NOT NULL DEFAULT '1',
  PRIMARY KEY (`id`),
  KEY `FK_submodulo_permiso` (`idsubmodulo`),
  CONSTRAINT `FK_submodulo_permiso` FOREIGN KEY (`idsubmodulo`) REFERENCES `submodulos` (`id`)
) ENGINE=InnoDB AUTO_INCREMENT=32 DEFAULT CHARSET=utf8 COLLATE=utf8_spanish_ci;

/*Data for the table `permisos_submodulos` */

insert  into `permisos_submodulos`(`id`,`nombre`,`idsubmodulo`,`registro`,`status`) values (1,'AGREGAR',1,'2019-12-26 22:17:03',1),(2,'EDITAR',1,'2019-12-26 22:17:03',1),(3,'ELIMINAR',1,'2019-12-26 22:17:03',1),(4,'EQUIPOS',1,'2019-12-26 22:17:03',1),(5,'PERMISOS',1,'2019-12-26 22:17:03',1),(6,'AGREGAR',2,'2019-12-26 23:56:51',1),(7,'EDITAR',2,'2019-12-27 01:41:40',1),(8,'ELIMINAR',2,'2019-12-27 01:48:11',1),(9,'PUESTOS',2,'2019-12-27 01:51:21',1),(10,'AGREGAR',5,'2019-12-27 09:03:53',1),(11,'EDITAR',5,'2019-12-27 09:03:53',1),(12,'ELIMINAR',5,'2019-12-27 09:03:53',1),(13,'AGREGAR',4,'2019-12-27 09:28:10',1),(14,'EDITAR',4,'2019-12-27 09:28:10',1),(15,'ELIMINAR',4,'2019-12-27 09:28:10',1),(16,'AGREGAR',10,'2019-12-27 11:13:32',1),(17,'EDITAR',10,'2019-12-27 11:13:32',1),(18,'ELIMINAR',10,'2019-12-27 11:13:32',1),(19,'MODELOS',10,'2019-12-27 11:13:32',1),(23,'AGREGAR',3,'2019-12-27 11:50:20',1),(24,'EDITAR',3,'2019-12-27 11:50:20',1),(25,'ELIMINAR',3,'2019-12-27 11:50:20',1),(26,'AGREGAR',12,'2019-12-27 13:10:29',1),(27,'EDITAR',12,'2019-12-27 13:10:29',1),(28,'ELIMINAR',12,'2019-12-27 13:10:29',1),(29,'COMPONENTES',3,'2019-12-27 13:56:08',1),(30,'SOFTWARE',3,'2019-12-27 13:56:08',1),(31,'BITACORA',3,'2019-12-28 00:01:03',1);

/*Table structure for table `permisos_submodulos_usuarios` */

DROP TABLE IF EXISTS `permisos_submodulos_usuarios`;

CREATE TABLE `permisos_submodulos_usuarios` (
  `id` int(11) NOT NULL AUTO_INCREMENT,
  `idusuario` int(11) NOT NULL,
  `idpermiso` int(11) NOT NULL,
  `registro` datetime NOT NULL DEFAULT CURRENT_TIMESTAMP,
  `status` tinyint(4) NOT NULL DEFAULT '1',
  PRIMARY KEY (`id`),
  KEY `fk_usuario_permiso` (`idusuario`),
  KEY `FK_permiso_usuario` (`idpermiso`),
  CONSTRAINT `FK_permiso_usuario` FOREIGN KEY (`idpermiso`) REFERENCES `permisos_submodulos` (`id`),
  CONSTRAINT `fk_usuario_permiso` FOREIGN KEY (`idusuario`) REFERENCES `usuarios` (`id_usu`)
) ENGINE=InnoDB AUTO_INCREMENT=63 DEFAULT CHARSET=utf8 COLLATE=utf8_spanish_ci;

/*Data for the table `permisos_submodulos_usuarios` */

insert  into `permisos_submodulos_usuarios`(`id`,`idusuario`,`idpermiso`,`registro`,`status`) values (8,1,2,'2019-12-27 00:02:11',1),(11,1,5,'2019-12-27 00:28:11',1),(12,1,1,'2019-12-27 01:18:18',1),(13,1,3,'2019-12-27 01:18:29',1),(14,1,4,'2019-12-27 01:18:29',1),(15,1,6,'2019-12-27 01:20:56',1),(16,1,7,'2019-12-27 01:41:50',1),(17,1,8,'2019-12-27 01:48:19',1),(18,1,9,'2019-12-27 01:51:31',1),(19,1,10,'2019-12-27 09:04:03',1),(20,1,11,'2019-12-27 09:04:03',1),(21,1,12,'2019-12-27 09:04:03',1),(22,1,13,'2019-12-27 09:28:22',1),(23,1,14,'2019-12-27 09:28:22',1),(24,1,15,'2019-12-27 09:28:22',1),(25,1,16,'2019-12-27 11:14:05',1),(26,1,17,'2019-12-27 11:14:05',1),(27,1,18,'2019-12-27 11:14:05',1),(28,1,19,'2019-12-27 11:14:05',1),(29,1,23,'2019-12-27 11:51:19',1),(30,1,24,'2019-12-27 11:51:19',1),(31,1,25,'2019-12-27 11:51:19',1),(32,1,26,'2019-12-27 13:11:31',1),(33,1,27,'2019-12-27 13:11:31',1),(34,1,28,'2019-12-27 13:11:31',1),(35,1,29,'2019-12-27 13:56:18',1),(36,1,30,'2019-12-27 13:56:18',1),(37,1,31,'2019-12-28 00:01:56',1),(38,2,1,'2021-03-14 18:25:09',1),(39,2,2,'2021-03-14 18:25:09',1),(40,2,3,'2021-03-14 18:25:09',1),(41,2,4,'2021-03-14 18:25:09',1),(42,2,5,'2021-03-14 18:25:09',1),(43,2,6,'2021-03-14 18:25:16',1),(44,2,7,'2021-03-14 18:25:16',1),(45,2,8,'2021-03-14 18:25:16',1),(46,2,9,'2021-03-14 18:25:16',1),(47,2,23,'2021-03-14 18:25:27',1),(48,2,24,'2021-03-14 18:25:27',1),(49,2,25,'2021-03-14 18:25:27',1),(50,2,29,'2021-03-14 18:25:27',1),(51,2,30,'2021-03-14 18:25:27',1),(52,2,31,'2021-03-14 18:25:27',1),(53,2,10,'2021-03-14 18:25:48',1),(54,2,11,'2021-03-14 18:25:48',1),(55,2,12,'2021-03-14 18:25:48',1),(56,2,16,'2021-03-14 18:26:06',1),(57,2,17,'2021-03-14 18:26:06',1),(58,2,18,'2021-03-14 18:26:06',1),(59,2,19,'2021-03-14 18:26:06',1),(60,2,26,'2021-03-14 18:26:12',1),(61,2,27,'2021-03-14 18:26:12',1),(62,2,28,'2021-03-14 18:26:12',1);

/*Table structure for table `puestos` */

DROP TABLE IF EXISTS `puestos`;

CREATE TABLE `puestos` (
  `id_puesto` int(11) NOT NULL AUTO_INCREMENT COMMENT 'ID puesto',
  `nombre_puesto` varchar(150) COLLATE utf8_spanish_ci DEFAULT NULL COMMENT 'Nombre',
  `iddepto_puesto` int(11) NOT NULL COMMENT 'Departamento',
  `registro_puesto` datetime NOT NULL DEFAULT CURRENT_TIMESTAMP COMMENT 'Registro',
  `status_puesto` tinyint(4) NOT NULL DEFAULT '1' COMMENT 'Status',
  PRIMARY KEY (`id_puesto`),
  KEY `FK_puestoDepto` (`iddepto_puesto`),
  CONSTRAINT `FK_puestoDepto` FOREIGN KEY (`iddepto_puesto`) REFERENCES `departamentos` (`id_depto`)
) ENGINE=InnoDB AUTO_INCREMENT=9 DEFAULT CHARSET=utf8 COLLATE=utf8_spanish_ci;

/*Data for the table `puestos` */

insert  into `puestos`(`id_puesto`,`nombre_puesto`,`iddepto_puesto`,`registro_puesto`,`status_puesto`) values (1,'Desarrollador',1,'2019-11-19 22:54:50',1),(2,'Contador',2,'2019-11-19 23:01:09',0),(3,'Soporte',1,'2019-11-19 23:01:09',0),(4,'Auxiliar',2,'2019-11-19 23:01:09',1),(5,'Redes',1,'2019-12-27 02:41:00',0),(6,'Soporte',1,'2019-12-27 02:48:53',1),(7,'Redes1',1,'2019-12-27 08:55:21',0),(8,'Auxiliar de ventas',4,'2021-03-14 13:34:02',1);

/*Table structure for table `software` */

DROP TABLE IF EXISTS `software`;

CREATE TABLE `software` (
  `id` int(11) NOT NULL AUTO_INCREMENT,
  `nombre` varchar(35) COLLATE utf8_spanish_ci DEFAULT NULL,
  `id_clasificacion` int(11) DEFAULT NULL,
  `fecha_max_licencia` date DEFAULT NULL,
  `version` varchar(35) COLLATE utf8_spanish_ci DEFAULT NULL,
  `registro` datetime NOT NULL DEFAULT CURRENT_TIMESTAMP,
  `status` tinyint(4) NOT NULL DEFAULT '1',
  PRIMARY KEY (`id`),
  KEY `FK_idclas_software` (`id_clasificacion`),
  CONSTRAINT `FK_idclas_software` FOREIGN KEY (`id_clasificacion`) REFERENCES `clasificaciones` (`id`)
) ENGINE=InnoDB AUTO_INCREMENT=4 DEFAULT CHARSET=utf8 COLLATE=utf8_spanish_ci;

/*Data for the table `software` */

insert  into `software`(`id`,`nombre`,`id_clasificacion`,`fecha_max_licencia`,`version`,`registro`,`status`) values (1,'Windows 7',1,'2019-12-31','PRO','2019-12-27 13:29:24',1),(2,'Ac',4,NULL,'free','2019-12-27 13:52:58',0),(3,'Avast2',4,'2019-12-07','Free2','2019-12-27 13:53:19',1);

/*Table structure for table `submodulos` */

DROP TABLE IF EXISTS `submodulos`;

CREATE TABLE `submodulos` (
  `id` int(11) NOT NULL AUTO_INCREMENT,
  `nombre` varchar(100) COLLATE utf8_spanish_ci DEFAULT NULL,
  `modulo` int(11) DEFAULT NULL,
  `icono` varchar(30) COLLATE utf8_spanish_ci DEFAULT NULL,
  `ruta` varchar(30) COLLATE utf8_spanish_ci NOT NULL,
  `registro` datetime NOT NULL DEFAULT CURRENT_TIMESTAMP,
  `status` tinyint(4) NOT NULL DEFAULT '1',
  PRIMARY KEY (`id`),
  KEY `modulo` (`modulo`),
  CONSTRAINT `submodulos_ibfk_1` FOREIGN KEY (`modulo`) REFERENCES `modulos` (`id_modulo`)
) ENGINE=InnoDB AUTO_INCREMENT=13 DEFAULT CHARSET=utf8 COLLATE=utf8_spanish_ci;

/*Data for the table `submodulos` */

insert  into `submodulos`(`id`,`nombre`,`modulo`,`icono`,`ruta`,`registro`,`status`) values (1,'Registro',1,'fa fa-user-plus','/registro/','2019-12-26 21:53:44',1),(2,'Departamentos',1,'fa fa-asterisk','/departamentos/','2019-12-26 21:59:42',1),(3,'Registro',2,'fa fa-laptop','/registro/','2019-12-26 22:01:02',1),(4,'Componentes',2,'fa fa-print','/componentes/','2019-12-26 22:02:36',1),(5,'Clasificaciones',2,'fa fa-sitemap','/clasificaciones/','2019-12-26 22:03:49',1),(10,'Marcas',2,'fa fa-copyright','/marcas/','2019-12-26 22:07:59',1),(12,'Software',2,'fa fa-code','/software/','2019-12-26 22:11:44',1);

/*Table structure for table `usuarios` */

DROP TABLE IF EXISTS `usuarios`;

CREATE TABLE `usuarios` (
  `id_usu` int(11) NOT NULL AUTO_INCREMENT COMMENT 'Id empleado',
  `nombre_usu` varchar(150) COLLATE utf8_spanish_ci DEFAULT NULL COMMENT 'Nombre',
  `apellidop_usu` varchar(150) COLLATE utf8_spanish_ci DEFAULT NULL COMMENT 'Apellido Paterno',
  `apellidom_usu` varchar(150) COLLATE utf8_spanish_ci DEFAULT NULL COMMENT 'Apellido Materno',
  `sexo_usu` tinyint(4) NOT NULL COMMENT 'Sexo',
  `correo_usu` varchar(200) COLLATE utf8_spanish_ci DEFAULT NULL COMMENT 'Correo',
  `noempleado_usu` int(11) DEFAULT NULL COMMENT 'Número de Empleado',
  `depto_usu` int(11) DEFAULT NULL COMMENT 'Departamento',
  `puesto_usu` int(11) DEFAULT NULL COMMENT 'Puesto',
  `extension_usu` smallint(6) DEFAULT NULL COMMENT 'Extensión',
  `contrasena_usu` varchar(200) COLLATE utf8_spanish_ci DEFAULT NULL COMMENT 'Contraseña',
  `ingreso_usu` date DEFAULT NULL COMMENT 'Fecha de Ingreso',
  `registro_usu` datetime NOT NULL DEFAULT CURRENT_TIMESTAMP COMMENT 'Fecha de Registro',
  `status_usu` tinyint(4) NOT NULL DEFAULT '1' COMMENT 'Status',
  `departamento` varchar(35) COLLATE utf8_spanish_ci NOT NULL,
  PRIMARY KEY (`id_usu`)
) ENGINE=InnoDB AUTO_INCREMENT=331 DEFAULT CHARSET=utf8 COLLATE=utf8_spanish_ci COMMENT='Tabla Usuarios';

/*Data for the table `usuarios` */

insert  into `usuarios`(`id_usu`,`nombre_usu`,`apellidop_usu`,`apellidom_usu`,`sexo_usu`,`correo_usu`,`noempleado_usu`,`depto_usu`,`puesto_usu`,`extension_usu`,`contrasena_usu`,`ingreso_usu`,`registro_usu`,`status_usu`,`departamento`) values (1,'Enrique','Damasco','Alducin',1,'enriquealducin@outlook.com',1,1,1,111,'202cb962ac59075b964b07152d234b70','2019-11-20','2019-11-20 23:28:01',1,''),(2,'Carolina','Velez','Lopez',2,'cvelez_jc@hotmail.com',8000876,1,6,4175,'2fc2a360a49094b93dd4382f45bd793f','1992-05-27','2019-12-08 21:18:35',1,''),(4,'Esfuerzo','Centro','Mens Factory',2,'ofa002@mensfashion.com.mx',1002,4,8,1002,'e560ccffcb0220c01105241635cc1271','2021-03-14','2021-03-14 16:36:54',1,''),(5,'Aguascalientes','Villa A.','Mens Factory',2,'ofa004@mensfashion.com.mx',1004,4,8,1004,'Sem5STvc','2021-03-14','2021-03-14 16:41:45',1,''),(6,'Morelia','Plaza Gigante','Mens Factory',2,'ofa005@mensfashion.com.mx',1005,4,4,1005,'xl8VYD8V','2021-03-14','2021-03-14 17:00:37',1,''),(7,'Puebla','Outlet','Mens Factory',2,'ofa006@mensfashion.com.mx',1006,4,4,1006,'3J7EjkKf','2021-03-14','2021-03-14 17:00:37',1,''),(8,'Toluca','Centro','Mens Factory',2,'ofa007@mensfashion.com.mx',1007,4,4,1007,'i1amZx2q','2021-03-14','2021-03-14 17:00:37',1,''),(9,'Queretaro','Centro','Mens Factory',2,'ofa008@mensfashion.com.mx',1008,4,4,1008,'3h8GMV4G','2021-03-14','2021-03-14 17:00:37',1,''),(10,'Zacatecas','Centro','Mens Factory',2,'ofa010@mensfashion.com.mx',1010,4,4,1010,'1317u1E5','2021-03-14','2021-03-14 17:00:37',1,''),(11,'Aguascalientes','Centro','Mens Factory',2,'ofa012@mensfashion.com.mx',1012,4,4,1012,'23Z1B7Xa','2021-03-14','2021-03-14 17:00:37',1,''),(12,'Leon','Plaza Mayor','Mens Factory',2,'ofa013@mensfashion.com.mx',1013,4,4,1013,'zZ5t2F5c','2021-03-14','2021-03-14 17:00:37',1,''),(13,'Monterrey','Sn.Agustin','Mens Factory',2,'ofa019@mensfashion.com.mx',1019,4,4,1019,'gf8BeQqL','2021-03-14','2021-03-14 17:00:37',1,''),(14,'Leon','Centro','Mens Factory',2,'ofa025@mensfashion.com.mx',1025,4,4,1025,'BN77Gu50','2021-03-14','2021-03-14 17:00:37',1,''),(15,'San Luis Potosi','Centro','Mens Factory',2,'ofa029@mensfashion.com.mx',1029,4,4,1029,'mN4OZQ7K','2021-03-14','2021-03-14 17:00:37',1,''),(16,'Guadalajara','Juarez','Mens Factory',2,'ofa038@mensfashion.com.mx',1038,4,4,1038,'c5zpa96G','2021-03-14','2021-03-14 17:00:37',1,''),(17,'Celaya','Centro','Mens Factory',2,'ofa039@mensfashion.com.mx',1039,4,4,1039,'i2Mj8fp8','2021-03-14','2021-03-14 17:00:37',1,''),(18,'Toluca','Gran Plaza','Mens Factory',2,'ofa041@mensfashion.com.mx',1041,4,4,1041,'V8Hp9DzW','2021-03-14','2021-03-14 17:00:37',1,''),(19,'Pachuca','Pza. Bella','Mens Factory',2,'ofa043@mensfashion.com.mx',1043,4,4,1043,'H692HfoU','2021-03-14','2021-03-14 17:00:37',1,''),(20,'Cuernavaca','Centro','Mens Factory',2,'ofa044@mensfashion.com.mx',1044,4,4,1044,'Dbhz5pA4','2021-03-14','2021-03-14 17:00:37',1,''),(21,'5 de Mayo','Centro','Mens Factory',2,'ofa045@mensfashion.com.mx',1045,4,4,1045,'MYl8564t','2021-03-14','2021-03-14 17:00:37',1,''),(22,'Xalapa','Centro','Mens Factory',2,'ofa047@mensfashion.com.mx',1047,4,4,1047,'h8dzX52o','2021-03-14','2021-03-14 17:00:37',1,''),(23,'Monterrey','Morelos','Mens Factory',2,'ofa048@mensfashion.com.mx',1048,4,4,1048,'681b4YJ4','2021-03-14','2021-03-14 17:00:37',1,''),(24,'Gante','Centro','Mens Factory',2,'ofa050@mensfashion.com.mx',1050,4,4,1050,'HZdQ74ZV','2021-03-14','2021-03-14 17:00:37',1,''),(25,'Monterrey','La Silla','Mens Factory',2,'ofa054@mensfashion.com.mx',1054,4,4,1054,'x9UTTUbY','2021-03-14','2021-03-14 17:00:37',1,''),(26,'Tijuana','Pza.Rio','Mens Factory',2,'ofa056@mensfashion.com.mx',1056,4,4,1056,'1dnVAF45','2021-03-14','2021-03-14 17:00:37',1,''),(27,'Puebla','Reforma','Mens Factory',2,'ofa057@mensfashion.com.mx',1057,4,4,1057,'cFOgUdQ7','2021-03-14','2021-03-14 17:00:37',1,''),(28,'Ecat','Pza.Las Americas','Mens Factory',2,'ofa061@mensfashion.com.mx',1061,4,4,1061,'fde22aZc','2021-03-14','2021-03-14 17:00:37',1,''),(29,'Morelia','Outlet','Mens Factory',2,'ofa064@mensfashion.com.mx',1064,4,4,1064,'Q0GD4M3m','2021-03-14','2021-03-14 17:00:37',1,''),(30,'Mexicali','Centro','Mens Factory',2,'ofa065@mensfashion.com.mx',1065,4,4,1065,'4WLTq73R','2021-03-14','2021-03-14 17:00:37',1,''),(31,'Saldos','Centro','Mens Factory',2,'ofa067@mensfashion.com.mx',1067,4,4,1067,'R1t8Pf99','2021-03-14','2021-03-14 17:00:37',1,''),(32,'Guad.La','Gran Plaza','Mens Factory',2,'ofa073@mensfashion.com.mx',1073,4,4,1073,'46Pk$Mk$','2021-03-14','2021-03-14 17:00:37',1,''),(33,'Santiago','Centro','Mens Factory',2,'ofa074@mensfashion.com.mx',1074,4,4,1074,'kP6ts79x','2021-03-14','2021-03-14 17:00:37',1,''),(34,'Puebla','Centro','Mens Factory',2,'ofa075@mensfashion.com.mx',1075,4,4,1075,'x853M1FP','2021-03-14','2021-03-14 17:00:37',1,''),(35,'Ensenada','Centro','Mens Factory',2,'ofa076@mensfashion.com.mx',1076,4,4,1076,'UP58u62G','2021-03-14','2021-03-14 17:00:37',1,''),(36,'Chihuahua','Victoria','Mens Factory',2,'ofa079@mensfashion.com.mx',1079,4,4,1079,'234rwKY9','2021-03-14','2021-03-14 17:00:37',1,''),(37,'Irapuato','Centro','Mens Factory',2,'ofa080@mensfashion.com.mx',1080,4,4,1080,'63051bM9','2021-03-14','2021-03-14 17:00:37',1,''),(38,'Oaxaca','Centro','Mens Factory',2,'ofa082@mensfashion.com.mx',1082,4,4,1082,'r7SFW2AG','2021-03-14','2021-03-14 17:00:37',1,''),(39,'Galerias','Monterrey','Mens Factory',2,'ofa084@mensfashion.com.mx',1084,4,4,1084,'P58W1aba','2021-03-14','2021-03-14 17:00:37',1,''),(40,'Torreon','4, Caminos','Mens Factory',2,'ofa086@mensfashion.com.mx',1086,4,4,1086,'aPps1Rgc','2021-03-14','2021-03-14 17:00:37',1,''),(41,'Mexicali','Pza.Cachanilla','Mens Factory',2,'ofa089@mensfashion.com.mx',1089,4,4,1089,'6PmBLO56','2021-03-14','2021-03-14 17:00:37',1,''),(42,'Plaza','Aragon','Mens Factory',2,'ofa090@mensfashion.com.mx',1090,4,4,1090,'k3Q4KYF2','2021-03-14','2021-03-14 17:00:37',1,''),(43,'Zocalo','Centro','Mens Factory',2,'ofa091@mensfashion.com.mx',1091,4,4,1091,'3Z4NG75x','2021-03-14','2021-03-14 17:00:37',1,''),(44,'Ixtapaluca','Centro','Mens Factory',2,'ofa092@mensfashion.com.mx',1092,4,4,1092,'9rHS8Nk9','2021-03-14','2021-03-14 17:00:37',1,''),(45,'Toluca','Sendero','Mens Factory',2,'ofa095@mensfashion.com.mx',1095,4,4,1095,'5rj7Zo9z','2021-03-14','2021-03-14 17:00:37',1,''),(46,'Queretaro','Sendero','Mens Factory',2,'ofa097@mensfashion.com.mx',1097,4,4,1097,'n8gH0D2K','2021-03-14','2021-03-14 17:00:37',1,''),(47,'Guanajuato','Pozuelos','Mens Factory',2,'ofa101@mensfashion.com.mx',1101,4,4,1101,'TT8yCg7m','2021-03-14','2021-03-14 17:00:37',1,''),(48,'Plaza','Lindavista','Mens Factory',2,'ofa103@mensfashion.com.mx',1103,4,4,1103,'tOrQ2T6j','2021-03-14','2021-03-14 17:00:37',1,''),(49,'Altaria','Aguascalientes','Mens Factory',2,'ofa105@mensfashion.com.mx',1105,4,4,1105,'IlLPP9CH','2021-03-14','2021-03-14 17:00:37',1,''),(50,'Saltillo','Sendero','Mens Factory',2,'ofa109@mensfashion.com.mx',1109,4,4,1109,'3KR07fFt','2021-03-14','2021-03-14 17:00:37',1,''),(51,'Durango','Centro','Mens Factory',2,'ofa110@mensfashion.com.mx',1110,4,4,1110,'Jwac@Vbl','2021-03-14','2021-03-14 17:00:37',1,''),(52,'Texcoco','Centro','Mens Factory',2,'ofa111@mensfashion.com.mx',1111,4,4,1111,'uBP6kNDa','2021-03-14','2021-03-14 17:00:37',1,''),(53,'Morelia','Centro','Mens Factory',2,'ofa112@mensfashion.com.mx',1112,4,4,1112,'j7ZHMS85','2021-03-14','2021-03-14 17:00:37',1,''),(54,'Uruapan','Centro','Mens Factory',2,'ofa113@mensfashion.com.mx',1113,4,4,1113,'799OY0lT','2021-03-14','2021-03-14 17:00:37',1,''),(55,'Neza','Plaza Jardin','Mens Factory',2,'ofa120@mensfashion.com.mx',1120,4,4,1120,'mS029Vxp','2021-03-14','2021-03-14 17:00:37',1,''),(56,'Guadalajara','Pza.Patria ','Mens Factory',2,'ofa121@mensfashion.com.mx',1121,4,4,1121,'b0PO9kG5','2021-03-14','2021-03-14 17:00:37',1,''),(57,'Guadalajara','Pza.del Sol','Mens Factory',2,'ofa123@mensfashion.com.mx',1123,4,4,1123,'2n957g3B','2021-03-14','2021-03-14 17:00:37',1,''),(58,'Tijuana','Macro Insgtes.','Mens Factory',2,'ofa126@mensfashion.com.mx',1126,4,4,1126,'j5V51v38','2021-03-14','2021-03-14 17:00:37',1,''),(59,'Parque','Tezontle','Mens Factory',2,'ofa127@mensfashion.com.mx',1127,4,4,1127,'J60u3m0Q','2021-03-14','2021-03-14 17:00:37',1,''),(60,'S.L.P.','Pza. La Loma','Mens Factory',2,'ofa128@mensfashion.com.mx',1128,4,4,1128,'JlO74q6A','2021-03-14','2021-03-14 17:00:37',1,''),(61,'S.L.P.','Dorado','Mens Factory',2,'ofa129@mensfashion.com.mx',1129,4,4,1129,'1ZwM18i0','2021-03-14','2021-03-14 17:00:37',1,''),(62,'Sanborns','Aeropuerto','Mens Factory',2,'ofa131@mensfshion.com.mx',1131,4,4,1131,'s1DmODqz','2021-03-14','2021-03-14 17:00:37',1,''),(63,'Uruapan','Plaza Agora','Mens Factory',2,'ofa132@mensfashion.com.mx',1132,4,4,1132,'3rdR1FqW','2021-03-14','2021-03-14 17:00:37',1,''),(64,'Xalapa','Las Americas','Mens Factory',2,'ofa133@mensfashion.com.mx',1133,4,4,1133,'p6AoZmnl','2021-03-14','2021-03-14 17:00:37',1,''),(65,'Puebla','Plaza Dorada','Mens Factory',2,'ofa134@mensfashion.com.mx',1134,4,4,1134,'06By108Q','2021-03-14','2021-03-14 17:00:37',1,''),(66,'Plaza','Universidad','Mens Factory',2,'ofa137@mensfashion.com.mx',1137,4,4,1137,'k7fKUXHG','2021-03-14','2021-03-14 17:00:37',1,''),(67,'Galerias','Metepec','Mens Factory',2,'ofa138@mensfashion.com.mx',1138,4,4,1138,'mpu9$Qu*','2021-03-14','2021-03-14 17:00:37',1,''),(68,'Galerias','Chilpancingo','Mens Factory',2,'ofa139@mensfashion.com.mx',1139,4,4,1139,'4spoIGm7','2021-03-14','2021-03-14 17:00:37',1,''),(69,'Pachuca','Centro','Mens Factory',2,'ofa141@mensfashion.com.mx',1141,4,4,1141,'K2pv4rtM','2021-03-14','2021-03-14 17:00:37',1,''),(70,'Forum','Buenavista','Mens Factory',2,'ofa142@mensfashion.com.mx',1142,4,4,1142,'8d62GQX1','2021-03-14','2021-03-14 17:00:37',1,''),(71,'Leon','Plaza Altacia','Mens Factory',2,'ofa143@mensfashion.com.mx',1143,4,4,1143,'Z1myLUXo','2021-03-14','2021-03-14 17:00:37',1,''),(72,'Celaya','Galerias Liverpool','Mens Factory',2,'ofa144@mensfashion.com.mx',1144,4,4,1144,'w9O3BNYl','2021-03-14','2021-03-14 17:00:37',1,''),(73,'Galerias','Zacatecas','Mens Factory',2,'ofa145@mensfashion.com.mx',1145,4,4,1145,'INox2Cyz','2021-03-14','2021-03-14 17:00:37',1,''),(74,'Galerias','Tlaquepaque','Mens Factory',2,'ofa146@mensfashion.com.mx',1146,4,4,1146,'O5ilCZd5','2021-03-14','2021-03-14 17:00:37',1,''),(75,'Reforma','Capital','Mens Factory',2,'ofa147@mensfashion.com.mx',1147,4,4,1147,'2ob0Oh9w','2021-03-14','2021-03-14 17:00:37',1,''),(76,'Parque','Celaya','Mens Factory',2,'ofa148@mensfashion.com.mx',1148,4,4,1148,'9ZH3cJX7','2021-03-14','2021-03-14 17:00:37',1,''),(77,'Parque','Lindavista','Mens Factory',2,'ofa149@mensfashion.com.mx',1149,4,4,1149,'7Ww8pdZP','2021-03-14','2021-03-14 17:00:37',1,''),(78,'Luna','Parc Cuautitlan','Mens Factory',2,'ofa150@mensfashion.com.mx',1150,4,4,1150,'08290t2K','2021-03-14','2021-03-14 17:00:37',1,''),(79,'San','Juan del Rio','Mens Factory',2,'ofa152@mensfashion.com.mx',1152,4,4,1152,'74f05Nn8','2021-03-14','2021-03-14 17:00:37',1,''),(80,'Queretaro','Plaza Antea','Mens Factory',2,'ofa153@mensfashion.com.mx',1153,4,4,1153,'Rf6AP37I','2021-03-14','2021-03-14 17:00:37',1,''),(81,'Parque','Toreo','Mens Factory',2,'ofa154@mensfashion.com.mx',1154,4,4,1154,'v9q7g2oT','2021-03-14','2021-03-14 17:00:37',1,''),(82,'Santa','Fe','Mens Factory',2,'ofa155@mensfashion.com.mx',1155,4,4,1155,'Sf5z68Sl','2021-03-14','2021-03-14 17:00:37',1,''),(83,'Metropoli','Patriotismo','Mens Factory',2,'ofa156@mensfashion.com.mx',1156,4,4,1156,'mmjLzoY7','2021-03-14','2021-03-14 17:00:37',1,''),(84,'Altabrisa','Tabasco','Mens Factory',2,'ofa157@mensfashion.com.mx',1157,4,4,1157,'tk0cGJ9P','2021-03-14','2021-03-14 17:00:37',1,''),(85,'Galerias','Cuernavaca','Mens Factory',2,'ofa160@mensfashion.com.mx',1160,4,4,1160,'y0tuABK0','2021-03-14','2021-03-14 17:00:37',1,''),(86,'Bolivar','Centro','Mens Factory',2,'ofa161@mensfashion.com.mx',1161,4,4,1161,'9TMOyZj0','2021-03-14','2021-03-14 17:00:37',1,''),(87,'Macroplaza','Oaxaca','Mens Factory',2,'ofa162@mensfashion.com.mx',1162,4,4,1162,'ZSjR9zcT','2021-03-14','2021-03-14 17:00:37',1,''),(88,'Veracruz','Las Americas','Mens Factory',2,'ofa163@mensfashion.com.mx',1163,4,4,1163,'lF49U1Cc','2021-03-14','2021-03-14 17:00:37',1,''),(89,'Queretaro','Centro','Mens Factory',2,'ofa164@mensfashion.com.mx',1164,4,4,1164,'PC1bHFC0','2021-03-14','2021-03-14 17:00:37',1,''),(90,'Madero','Centro','Mens Factory',2,'ofa167@mensfashion.com.mx',1167,4,4,1167,'Y7e6gLcQ','2021-03-14','2021-03-14 17:00:37',1,''),(91,'Galerias','Toluca','Mens Factory',2,'ofa169@mensfashion.com.mx',1169,4,4,1169,'1F@1Ab#U','2021-03-14','2021-03-14 17:00:37',1,''),(92,'Queretaro','Plaza del Parque','Mens Factory',2,'ofa170@mensfashion.com.mx',1170,4,4,1170,'1liERTV0','2021-03-14','2021-03-14 17:00:37',1,''),(93,'Coacalco','Cosmopol','Mens Factory',2,'ofa171@mensfashion.com.mx',1171,4,4,1171,'kS3KO306','2021-03-14','2021-03-14 17:00:37',1,''),(94,'Cuernavaca','Bugambilias','Mens Factory',2,'ofa172@mensfashion.com.mx',1172,4,4,1172,'E641kNRa','2021-03-14','2021-03-14 17:00:37',1,''),(95,'Plaza','Tlalnepantla','Mens Factory',2,'ofa173@mensfashion.com.mx',1173,4,4,1173,'27UITDQz','2021-03-14','2021-03-14 17:00:37',1,''),(96,'Paseo','La Fe Monterrey','Mens Factory',2,'ofa176@mensfashion.com.mx',1176,4,4,1176,'k13vO93V','2021-03-14','2021-03-14 17:00:37',1,''),(97,'Outlet','Lerma','Mens Factory',2,'ofa177@mensfashion.com.mx',1177,4,4,1177,'#c*V1oTv','2021-03-14','2021-03-14 17:00:37',1,''),(98,'Morelia','Pza.Las Americas','Mens Factory',2,'ofa179@mensfashion.com.mx',1179,4,4,1179,'uZ7oIuGA','2021-03-14','2021-03-14 17:00:37',1,''),(99,'Via','AltaSalamanca','Mens Factory',2,'ofa181@mensfashion.com.mx',1181,4,4,1181,'g14K1I9c','2021-03-14','2021-03-14 17:00:37',1,''),(100,'Parque','Via Vallejo','Mens Factory',2,'ofa182@mensfashion.com.mx',1182,4,4,1182,'pXMr8DPK','2021-03-14','2021-03-14 17:00:37',1,''),(101,'Sentura','Zamora Michoacan','Mens Factory',2,'ofa191@mrnsfashion.com.mx',1191,4,4,1191,'36lNiT1s','2021-03-14','2021-03-14 17:00:37',1,''),(102,'Parque','Delta','Mens Factory',2,'ofa193@mensfashion.com.mx',1193,4,4,1193,'oE0S3hcB','2021-03-14','2021-03-14 17:00:37',1,''),(103,'Mall','Tuxtla','Mens Factory',2,'ofa195@mensfashion.com.mx',1195,4,4,1195,'N$Gyrl*B','2021-03-14','2021-03-14 17:00:37',1,''),(104,'Plaza','Satelite','Mens Factory',2,'ofa196@mensfashion.com.mx',1196,4,4,1196,'TkUMhy5m','2021-03-14','2021-03-14 17:00:37',1,''),(105,'Tlaxcala','Centro','Mens Factory',2,'ofa198@mensfashion.com.mx',1198,4,4,1198,'R0LPcY3g','2021-03-14','2021-03-14 17:00:37',1,''),(106,'Parque','Antenas','Mens Factory',2,'ofa199@mensfashion.com.mx',1199,4,4,1199,'PA$LzsFO','2021-03-14','2021-03-14 17:00:37',1,''),(107,'Parque','Puebla','Mens Factory',2,'ofa200@mensfashion.com.mx',1200,4,4,1200,'EMVDu5Sf','2021-03-14','2021-03-14 17:00:37',1,''),(108,'Filomeno','Mata','Mens Factory',2,'ofa202@mensfashion.com.mx',1202,4,4,1202,'kFnxi7f9','2021-03-14','2021-03-14 17:00:37',1,''),(109,'Explanada','Puebla','Mens Factory',2,'ofa204@mensfashion.com.mx',1204,4,4,1204,'w4qFG6hY','2021-03-14','2021-03-14 17:00:37',1,''),(110,'Explanada','Pachuca','Mens Factory',2,'ofa205@mensfashion.com.mx',1205,4,4,1205,'N7xiy74u','2021-03-14','2021-03-14 17:00:37',1,''),(111,'Outlet','Santiago','Mens Factory',2,'ofa207@mensfashion.com.mx',1207,4,4,1207,'@63A3aQ0','2021-03-14','2021-03-14 17:00:37',1,''),(112,'Perisur','Centro','Roberts',2,'r001@roberts.com.mx',2001,4,4,2001,'057NFd12','2021-03-14','2021-03-14 18:16:07',1,''),(113,'Plaza','Santa Fe','Roberts',2,'r002@roberts.com.mx',2002,4,4,2002,'gz1eUq42','2021-03-14','2021-03-14 18:16:07',1,''),(114,'Plaza','Satelite','Roberts',2,'r004@roberts.com.mx',2004,4,4,2004,'JC53dg1g','2021-03-14','2021-03-14 18:16:07',1,''),(115,'Polanco','Centro','Roberts',2,'r005@roberts.com.mx',2005,4,4,2005,'8c3D0gvb','2021-03-14','2021-03-14 18:16:07',1,''),(116,'Galerias','Insurgtes.','Roberts',2,'r006@roberts.com.mx',2006,4,4,2006,'DxAcKem2','2021-03-14','2021-03-14 18:16:07',1,''),(117,'5 de Mayo','Centro','Roberts',2,'r007@roberts.com.mx',2007,4,4,2007,'828Sz4C7','2021-03-14','2021-03-14 18:16:07',1,''),(118,'Pza.Galerias','Coapa','Roberts',2,'r009@roberts.com.mx',2009,4,4,2009,'Z7havN64','2021-03-14','2021-03-14 18:16:07',1,''),(119,'Plaza','Universidad','Roberts',2,'r010@roberts.com.mx',2010,4,4,2010,'IZ1i8Uw4','2021-03-14','2021-03-14 18:16:07',1,''),(120,'Lerma','Centro','Roberts',2,'r011@roberts.com.mx',2011,4,4,2011,'4Y5bjy70','2021-03-14','2021-03-14 18:16:07',1,''),(121,'Outlet','Naucalpan','Roberts',2,'r012@roberts.com.mx',2012,4,4,2012,'H4Damh6m','2021-03-14','2021-03-14 18:16:07',1,''),(122,'Valle','Oriente','Roberts',2,'r014@roberts.com.mx',2014,4,4,2014,'vo9KdXlf','2021-03-14','2021-03-14 18:16:07',1,''),(123,'Plaza','Guadalajara','Roberts',2,'r015@roberts.com.mx',2015,4,4,2015,'z8F8600V','2021-03-14','2021-03-14 18:16:07',1,''),(124,'Queretaro','Centro','Roberts',2,'r016@roberts.com.mx',2016,4,4,2016,'Ad5S6j7q','2021-03-14','2021-03-14 18:16:07',1,''),(125,'S.L.P.Pza.Tangam.','Centro','Roberts',2,'r017@roberts.com.mx',2017,4,4,2017,'6A6Ojkr2','2021-03-14','2021-03-14 18:16:07',1,''),(126,'Pachuca','Galerias','Roberts',2,'r018@roberts.com.mx',2018,4,4,2018,'qtjMRt6N','2021-03-14','2021-03-14 18:16:07',1,''),(127,'Leon','Plaza Mayor','Roberts',2,'r019@roberts.com.mx',2019,4,4,2019,'IVkFi30S','2021-03-14','2021-03-14 18:16:07',1,''),(128,'Morelia','Pza.las Americas','Roberts',2,'r020@roberts.com.mx',2020,4,4,2020,'sp57oL4i','2021-03-14','2021-03-14 18:16:07',1,''),(129,'Galerias','Metepec','Roberts',2,'r023@roberts.com.mx',2023,4,4,2023,'DTmHP4dj','2021-03-14','2021-03-14 18:16:07',1,''),(130,'Puebla','Angelopolis','Roberts',2,'r024@roberts.com.mx',2024,4,4,2024,'9Ym12vfx','2021-03-14','2021-03-14 18:16:07',1,''),(131,'Parque','Delta','Roberts',2,'r028@roberts.com.mx',2028,4,4,2028,'WGuh3Uwj','2021-03-14','2021-03-14 18:16:07',1,''),(132,'Parque','Lindavista','Roberts',2,'r029@roberts.com.mx',2029,4,4,2029,'PrE2c2lW','2021-03-14','2021-03-14 18:16:07',1,''),(133,'Altaria','Agsctes.','Roberts',2,'r030@roberts.com.mx',2030,4,4,2030,'ME9JM21t','2021-03-14','2021-03-14 18:16:07',1,''),(134,'Paseo','Interlomas','Roberts',2,'r031@roberts.com.mx',2031,4,4,2031,'8A8de8go','2021-03-14','2021-03-14 18:16:07',1,''),(135,'Parque','Tezontle','Roberts',2,'r032@roberts.com.mx',2032,4,4,2032,'0HRum3f6','2021-03-14','2021-03-14 18:16:07',1,''),(136,'S.L.P.Pza.La','Loma','Roberts',2,'r034@roberts.com.mx',2034,4,4,2034,'m3804UdO','2021-03-14','2021-03-14 18:16:07',1,''),(137,'Plaza','Carso','Roberts',2,'r035@roberts.com.mx',2035,4,4,2035,'dfg00mZ2','2021-03-14','2021-03-14 18:16:07',1,''),(138,'Plaza Agora','Uruapan','Roberts',2,'r037@roberts.com.mx',2037,4,4,2037,'I4OAy0hF','2021-03-14','2021-03-14 18:16:07',1,''),(139,'Plaza','Outlet Puela','Roberts',2,'r039@roberts.com.mx',2039,4,4,2039,'1R15EF5d','2021-03-14','2021-03-14 18:16:07',1,''),(140,'Leon','Plaza Altacia','Roberts',2,'r040@roberts.com.mx',2040,4,4,2040,'n5oJ8FmU','2021-03-14','2021-03-14 18:16:07',1,''),(141,'Queretaro','Plaza Antea','Roberts',2,'r041@roberts.com.mx',2041,4,4,2041,'kuG5l823','2021-03-14','2021-03-14 18:16:07',1,''),(142,'Parque','Toreo','Roberts',2,'r042@roberts.com.mx',2042,4,4,2042,'Mi107ooi','2021-03-14','2021-03-14 18:16:07',1,''),(143,'Xalapa','Las Americas','Roberts',2,'r044@roberts.com.mx',2044,4,4,2044,'mB6s984d','2021-03-14','2021-03-14 18:16:07',1,''),(144,'Galerias','Toluca','Roberts',2,'r045@roberts.com.mx',2045,4,4,2045,'WSWTiQ5l','2021-03-14','2021-03-14 18:16:07',1,''),(145,'Galerias','Guadalajara','Roberts',2,'r046@roberts.com.mx',2046,4,4,2046,'12V38b6J','2021-03-14','2021-03-14 18:16:07',1,''),(146,'Galerias','Queretaro','Roberts',2,'r047@roberts.com.mx',2047,4,4,2047,'6XY9zZd5','2021-03-14','2021-03-14 18:16:07',1,''),(147,'Fashion','Drive','Roberts',2,'r048@roberts.com.mx',2048,4,4,2048,'q32NXCZ8','2021-03-14','2021-03-14 18:16:07',1,''),(148,'Tlaxcala','Centro','Roberts',2,'r054@roberts.com.mx',2054,4,4,2054,'nr1q48V3','2021-03-14','2021-03-14 18:16:07',1,''),(149,'Parque','Antenas','Roberts',2,'r055@roberts.com.mx',2055,4,4,2055,'hWT181%m','2021-03-14','2021-03-14 18:16:07',1,''),(150,'Parque','Puebla','Roberts',2,'r056@roberts.com.mx',2056,4,4,2056,'mn26SJQi','2021-03-14','2021-03-14 18:16:07',1,''),(151,'Forum','Cuernavaca','Roberts',2,'r057@roberts.com.mx',2057,4,4,2057,'42e47Fn5','2021-03-14','2021-03-14 18:16:07',1,''),(152,'Averanda','Centro','Roberts',2,'r059@roberts.com.mx',2059,4,4,2059,'6XY9zZd5','2021-03-14','2021-03-14 18:16:07',1,''),(153,'Outlet','Queretaro','Roberts',2,'r061@roberts.com.mx',2061,4,4,2061,'@W$1b$8R','2021-03-14','2021-03-14 18:16:07',1,''),(154,'Perisur','Centro','High Life',2,'h001@highlife.com.mx',3001,4,4,3001,'NkBL0L40','2021-03-14','2021-03-14 18:16:07',1,''),(155,'Santa','Fe','High Life',2,'h002@highlife.com.mx',3002,4,4,3002,'2004sA3t','2021-03-14','2021-03-14 18:16:07',1,''),(156,'Satelite','Centro','High Life',2,'h003@highlife.com.mx',3003,4,4,3003,'PG9R5L66$','2021-03-14','2021-03-14 18:16:07',1,''),(157,'Mazarik','Centro','High Life',2,'h005@highlife.com.mx',3005,4,4,3005,'7X4z0B0I','2021-03-14','2021-03-14 18:16:07',1,''),(158,'Andares','Guad.','High Life',2,'h014@highlife.com.mx',3014,4,4,3014,'nLEP56Ao','2021-03-14','2021-03-14 18:16:07',1,''),(159,'Punta','Norte','High Life',2,'h015@highlife.com.mx',3015,4,4,3015,'t67S9f26','2021-03-14','2021-03-14 18:16:07',1,''),(160,'Lerma','Centro','High Life',2,'h016@highlife.com.mx',3016,4,4,3016,'0b7BMU18','2021-03-14','2021-03-14 18:16:07',1,''),(161,'Leon','Pza.Mayor','High Life',2,'h021@highlife.com.mx',3021,4,4,3021,'Aq322lF8','2021-03-14','2021-03-14 18:16:07',1,''),(162,'Madero','Centro','High Life',2,'h024@highlife.com.mx',3024,4,4,3024,'j24HlvL1','2021-03-14','2021-03-14 18:16:07',1,''),(163,'Queretaro','Antea','High Life',2,'h026@highlife.com.mx',3026,4,4,3026,'3qoRt21K','2021-03-14','2021-03-14 18:16:07',1,''),(164,'Araceli','Ramos','Correa',2,'aramos@h-h.com.mx',123,6,4,4,'0000123','2021-03-17','2021-03-24 17:53:44',1,'4'),(165,'Genoveva','Mendez','',2,'aramos@h-h.com.mx',123,4,4,4,'0000123','2021-03-17','2021-03-24 17:53:44',1,''),(166,'Ivonne','Neri','',2,'aramos@h-h.com.mx',123,4,4,4,'0000123','2021-03-17','2021-03-24 17:53:44',1,''),(167,'Edgar','Mendoza','Santiago',2,'aramos@h-h.com.mx',123,4,4,4,'0000123','2021-03-17','2021-03-24 17:53:44',1,''),(168,'Becario','Asistente de Compras','',2,'aramos@h-h.com.mx',123,4,4,4,'0000123','2021-03-17','2021-03-24 17:53:44',1,''),(169,'Jose Antonio','Lopez','Garcia',2,'aramos@h-h.com.mx',123,4,4,4,'0000123','2021-03-17','2021-03-24 17:53:44',1,''),(170,'Sergio','Keymole','Ramirez',2,'aramos@h-h.com.mx',123,4,4,4,'0000123','2021-03-17','2021-03-24 17:53:44',1,''),(171,'Guadalupe','Jeronimo','Ceron',2,'aramos@h-h.com.mx',123,4,4,4,'0000123','2021-03-17','2021-03-24 17:53:44',1,''),(172,'Ruben Eugenio','De la Llave','Leon',2,'aramos@h-h.com.mx',123,4,4,4,'0000123','2021-03-17','2021-03-24 17:53:44',1,''),(173,'Crispin','Solano','Demetrio',2,'aramos@h-h.com.mx',123,4,4,4,'0000123','2021-03-17','2021-03-24 17:53:44',1,''),(174,'Jose Angel','Leyva','Gutierrez',2,'aramos@h-h.com.mx',123,4,4,4,'0000123','2021-03-17','2021-03-24 17:53:44',1,''),(175,'Roberto Said','Cabrera','Mendez',2,'aramos@h-h.com.mx',123,4,4,4,'0000123','2021-03-17','2021-03-24 17:53:44',1,''),(176,'Becario','Desarrollo Producto','',2,'aramos@h-h.com.mx',123,4,4,4,'0000123','2021-03-17','2021-03-24 17:53:44',1,''),(177,'Veronica Maricela','Chavez','Cruz',2,'aramos@h-h.com.mx',123,4,4,4,'0000123','2021-03-17','2021-03-24 17:53:44',1,''),(178,'Marco Antonio','Gil','Lozano',2,'aramos@h-h.com.mx',123,4,4,4,'0000123','2021-03-17','2021-03-24 17:53:44',1,''),(179,'Saltiel','Rodriguez','',2,'aramos@h-h.com.mx',123,4,4,4,'0000123','2021-03-17','2021-03-24 17:53:44',1,''),(180,'Carlos Alfonso','Navarro','Avila',2,'aramos@h-h.com.mx',123,4,4,4,'0000123','2021-03-17','2021-03-24 17:53:44',1,''),(181,'puente','allende','elizabeth',2,'aramos@h-h.com.mx',123,4,4,4,'0000123','2021-03-17','2021-03-24 17:53:44',1,''),(182,'Norma Esther','Mendoza','Carpinteyro',2,'aramos@h-h.com.mx',123,4,4,4,'0000123','2021-03-17','2021-03-24 17:53:44',1,''),(183,'Jocelyn Betsabe','Martinez','Garcia',2,'aramos@h-h.com.mx',123,4,4,4,'0000123','2021-03-17','2021-03-24 17:53:44',1,''),(184,'Elizabeth','Aparicio','Jimenez',2,'aramos@h-h.com.mx',123,4,4,4,'0000123','2021-03-17','2021-03-24 17:53:44',1,''),(185,'Maricela','Vargas','Zepeda',2,'aramos@h-h.com.mx',123,4,4,4,'0000123','2021-03-17','2021-03-24 17:53:44',1,''),(186,'Camaras','Camaras','',2,'aramos@h-h.com.mx',123,4,4,4,'0000123','2021-03-17','2021-03-24 17:53:44',1,''),(187,'Roberto','Bernardi','Arellano',2,'aramos@h-h.com.mx',123,4,4,4,'0000123','2021-03-17','2021-03-24 17:53:44',1,''),(188,'Jacobo','Haber','Masri',2,'aramos@h-h.com.mx',123,4,4,4,'0000123','2021-03-17','2021-03-24 17:53:44',1,''),(189,'Jacobo','Haber','Masri',2,'aramos@h-h.com.mx',123,4,4,4,'0000123','2021-03-17','2021-03-24 17:53:44',1,''),(190,'Dafne','Ruiz','Sahuaya',2,'aramos@h-h.com.mx',123,4,4,4,'0000123','2021-03-17','2021-03-24 17:53:44',1,''),(191,'Maria del Carmen','Landa','Saiz',2,'aramos@h-h.com.mx',123,4,4,4,'0000123','2021-03-17','2021-03-24 17:53:44',1,''),(192,'Ramses Juan de Dios','Lozano','Uribe',2,'aramos@h-h.com.mx',123,4,4,4,'0000123','2021-03-17','2021-03-24 17:53:44',1,''),(193,'Omar','Solano','Leocadio',2,'aramos@h-h.com.mx',123,4,4,4,'0000123','2021-03-17','2021-03-24 17:53:44',1,''),(194,'Lorena Beatriz','Perez','Aguilar',2,'aramos@h-h.com.mx',123,4,4,4,'0000123','2021-03-17','2021-03-24 17:53:44',1,''),(195,'Patricia','Martinez','Ceron',2,'aramos@h-h.com.mx',123,4,4,4,'0000123','2021-03-17','2021-03-24 17:53:44',1,''),(196,'Esther Patricia','Esparza','Hernandez',2,'aramos@h-h.com.mx',123,4,4,4,'0000123','2021-03-17','2021-03-24 17:53:44',1,''),(197,'Miguel Angel','Valadez','Gallegos',2,'aramos@h-h.com.mx',123,4,4,4,'0000123','2021-03-17','2021-03-24 17:53:44',1,''),(198,'Alma Rosa','Valencia','Vargas',2,'aramos@h-h.com.mx',123,4,4,4,'0000123','2021-03-17','2021-03-24 17:53:44',1,''),(199,'Maribel','Cruz','Luna',2,'aramos@h-h.com.mx',123,4,4,4,'0000123','2021-03-17','2021-03-24 17:53:44',1,''),(200,'Norma Angelica','Vazquez','Medina',2,'aramos@h-h.com.mx',123,4,4,4,'0000123','2021-03-17','2021-03-24 17:53:44',1,''),(201,'Claudia','Cruz','Amador',2,'aramos@h-h.com.mx',123,4,4,4,'0000123','2021-03-17','2021-03-24 17:53:44',1,''),(202,'Juan','Rubio','Bernabe',2,'aramos@h-h.com.mx',123,4,4,4,'0000123','2021-03-17','2021-03-24 17:53:44',1,''),(203,'Becario','Cuentas','Por Pagar',2,'aramos@h-h.com.mx',123,4,4,4,'0000123','2021-03-17','2021-03-24 17:53:44',1,''),(204,'Miguel','Rodriguez','Alcantara',2,'aramos@h-h.com.mx',123,4,4,4,'0000123','2021-03-17','2021-03-24 17:53:44',1,''),(205,'Ruth','Moreno','Sanchez',2,'aramos@h-h.com.mx',123,4,4,4,'0000123','2021-03-17','2021-03-24 17:53:44',1,''),(206,'Francisco','Departamentales','',2,'aramos@h-h.com.mx',123,4,4,4,'0000123','2021-03-17','2021-03-24 17:53:44',1,''),(207,'Eva','Rios','Fernandez',2,'aramos@h-h.com.mx',123,4,4,4,'0000123','2021-03-17','2021-03-24 17:53:44',1,''),(208,'Elena Guadalupe','Chacon','Muñiz',2,'aramos@h-h.com.mx',123,4,4,4,'0000123','2021-03-17','2021-03-24 17:53:44',1,''),(209,'Braulio Alfonso','Enciso','Rojas',2,'aramos@h-h.com.mx',123,4,4,4,'0000123','2021-03-17','2021-03-24 17:53:44',1,''),(210,'Maribel','Reyes','Rodriguez',2,'aramos@h-h.com.mx',123,4,4,4,'0000123','2021-03-17','2021-03-24 17:53:44',1,''),(211,'Norma Obdulia','Anguiano','Pantoja',2,'aramos@h-h.com.mx',123,4,4,4,'0000123','2021-03-17','2021-03-24 17:53:44',1,''),(212,'Estefania Itzel','Hernandez','Franco',2,'aramos@h-h.com.mx',123,4,4,4,'0000123','2021-03-17','2021-03-24 17:53:44',1,''),(213,'BECARIO','DE NORMA','ANGIANO',2,'aramos@h-h.com.mx',123,4,4,4,'0000123','2021-03-17','2021-03-24 17:53:44',1,''),(214,'Frida','Haber','',2,'aramos@h-h.com.mx',123,4,4,4,'0000123','2021-03-17','2021-03-24 17:53:44',1,''),(215,'Daniel','Ortiz','Rendon',2,'aramos@h-h.com.mx',123,4,4,4,'0000123','2021-03-17','2021-03-24 17:53:44',1,''),(216,'David','Schulz','',2,'aramos@h-h.com.mx',123,4,4,4,'0000123','2021-03-17','2021-03-24 17:53:44',1,''),(217,'David','Schulz','',2,'aramos@h-h.com.mx',123,4,4,4,'0000123','2021-03-17','2021-03-24 17:53:44',1,''),(218,'Sergio Alberto','Márquez','Moran',2,'aramos@h-h.com.mx',123,4,4,4,'0000123','2021-03-17','2021-03-24 17:53:44',1,''),(219,'Elie','Katrie','',2,'aramos@h-h.com.mx',123,4,4,4,'0000123','2021-03-17','2021-03-24 17:53:44',1,''),(220,'Silvio','Galimberti','',2,'aramos@h-h.com.mx',123,4,4,4,'0000123','2021-03-17','2021-03-24 17:53:44',1,''),(221,'Alberto','Mansur','',2,'aramos@h-h.com.mx',123,4,4,4,'0000123','2021-03-17','2021-03-24 17:53:44',1,''),(222,'Maribel','Gamas','',2,'aramos@h-h.com.mx',123,4,4,4,'0000123','2021-03-17','2021-03-24 17:53:44',1,''),(223,'Eva','Trejo','',2,'aramos@h-h.com.mx',123,4,4,4,'0000123','2021-03-17','2021-03-24 17:53:44',1,''),(224,'Eva','Trejo','',2,'aramos@h-h.com.mx',123,4,4,4,'0000123','2021-03-17','2021-03-24 17:53:44',1,''),(225,'Maria del Pilar','Medina','',2,'aramos@h-h.com.mx',123,4,4,4,'0000123','2021-03-17','2021-03-24 17:53:44',1,''),(226,'Brandon','Rangel','',2,'aramos@h-h.com.mx',123,4,4,4,'0000123','2021-03-17','2021-03-24 17:53:44',1,''),(227,'Montserrat','Rojas','Arguijo',2,'aramos@h-h.com.mx',123,4,4,4,'0000123','2021-03-17','2021-03-24 17:53:44',1,''),(228,'Montserrat','Rojas','Arguijo',2,'aramos@h-h.com.mx',123,4,4,4,'0000123','2021-03-17','2021-03-24 17:53:44',1,''),(229,'Oswaldo','Hernandez','Padron',2,'aramos@h-h.com.mx',123,4,4,4,'0000123','2021-03-17','2021-03-24 17:53:44',1,''),(230,'Sandra','Monroy','Garcia',2,'aramos@h-h.com.mx',123,4,4,4,'0000123','2021-03-17','2021-03-24 17:53:44',1,''),(231,'Daniel','Espinoza','Chavez',2,'aramos@h-h.com.mx',123,4,4,4,'0000123','2021-03-17','2021-03-24 17:53:44',1,''),(232,'Marisol','Melesio','Lopez',2,'aramos@h-h.com.mx',123,4,4,4,'0000123','2021-03-17','2021-03-24 17:53:44',1,''),(233,'Jaime Angel','Torres','Lopez',2,'aramos@h-h.com.mx',123,4,4,4,'0000123','2021-03-17','2021-03-24 17:53:44',1,''),(234,'Lucia','Machorro','Lopez',2,'aramos@h-h.com.mx',123,4,4,4,'0000123','2021-03-17','2021-03-24 17:53:44',1,''),(235,'Luz Maria','Licona','Solis',2,'aramos@h-h.com.mx',123,4,4,4,'0000123','2021-03-17','2021-03-24 17:53:44',1,''),(236,'Antonia','Alvarez','Ramirez',2,'aramos@h-h.com.mx',123,4,4,4,'0000123','2021-03-17','2021-03-24 17:53:44',1,''),(237,'Antonia','Alvarez','Ramirez/Curbina-Planta',2,'aramos@h-h.com.mx',123,4,4,4,'0000123','2021-03-17','2021-03-24 17:53:44',1,''),(238,'Sandra','Dominguez','Sanchez',2,'aramos@h-h.com.mx',123,4,4,4,'0000123','2021-03-17','2021-03-24 17:53:44',1,''),(239,'Juan Ricardo','Walker','Alvarez',2,'aramos@h-h.com.mx',123,4,4,4,'0000123','2021-03-17','2021-03-24 17:53:44',1,''),(240,'Diego Armando','Rodriguez','Iturbe',2,'aramos@h-h.com.mx',123,4,4,4,'0000123','2021-03-17','2021-03-24 17:53:44',1,''),(241,'Marisela Diana','Montes de Oca','Medina',2,'aramos@h-h.com.mx',123,4,4,4,'0000123','2021-03-17','2021-03-24 17:53:44',1,''),(242,'Ramon Carlos','Hernandez','Hidalgo',2,'aramos@h-h.com.mx',123,4,4,4,'0000123','2021-03-17','2021-03-24 17:53:44',1,''),(243,'Fernando','Rueda','Duarte',2,'aramos@h-h.com.mx',123,4,4,4,'0000123','2021-03-17','2021-03-24 17:53:44',1,''),(244,'Ivan','Cruz','Sayago',2,'aramos@h-h.com.mx',123,4,4,4,'0000123','2021-03-17','2021-03-24 17:53:44',1,''),(245,'Sergio','Viña','Garcia',2,'aramos@h-h.com.mx',123,4,4,4,'0000123','2021-03-17','2021-03-24 17:53:44',1,''),(246,'Jose Vicente','Botello','Martinez',2,'aramos@h-h.com.mx',123,4,4,4,'0000123','2021-03-17','2021-03-24 17:53:44',1,''),(247,'Gabriel','Hernandez','Lopez',2,'aramos@h-h.com.mx',123,4,4,4,'0000123','2021-03-17','2021-03-24 17:53:44',1,''),(248,'Norma Angelica',' Diaz','Hernandez',2,'aramos@h-h.com.mx',123,4,4,4,'0000123','2021-03-17','2021-03-24 17:53:44',1,''),(249,'Gabriel Ernesto','Gonzalez','Monroy',2,'aramos@h-h.com.mx',123,4,4,4,'0000123','2021-03-17','2021-03-24 17:53:44',1,''),(250,'Jose Luis','Garcia','Garcia',2,'aramos@h-h.com.mx',123,4,4,4,'0000123','2021-03-17','2021-03-24 17:53:44',1,''),(251,'Susana','Reyes','Rubio',2,'aramos@h-h.com.mx',123,4,4,4,'0000123','2021-03-17','2021-03-24 17:53:44',1,''),(252,'Norma','Caldera','Vazquez',2,'aramos@h-h.com.mx',123,4,4,4,'0000123','2021-03-17','2021-03-24 17:53:44',1,''),(253,'Maria de los Angeles','Navarrete','Lopez',2,'aramos@h-h.com.mx',123,4,4,4,'0000123','2021-03-17','2021-03-24 17:53:44',1,''),(254,'Mario','Lopez','Cortes',2,'aramos@h-h.com.mx',123,4,4,4,'0000123','2021-03-17','2021-03-24 17:53:44',1,''),(255,'Eduardo','Parra','',2,'aramos@h-h.com.mx',123,4,4,4,'0000123','2021-03-17','2021-03-24 17:53:44',1,''),(256,'Blanca Cecilia','Oviedo','Blas',2,'aramos@h-h.com.mx',123,4,4,4,'0000123','2021-03-17','2021-03-24 17:53:44',1,''),(257,'Gabriela','Ventura','',2,'aramos@h-h.com.mx',123,4,4,4,'0000123','2021-03-17','2021-03-24 17:53:44',1,''),(258,'German','Aguilar','',2,'aramos@h-h.com.mx',123,4,4,4,'0000123','2021-03-17','2021-03-24 17:53:44',1,''),(259,'German','Aguilar','(Soporte)',2,'aramos@h-h.com.mx',123,4,4,4,'0000123','2021-03-17','2021-03-24 17:53:44',1,''),(260,'Rodolfo','Medellin','',2,'aramos@h-h.com.mx',123,4,4,4,'0000123','2021-03-17','2021-03-24 17:53:44',1,''),(261,'Esmeralda','Bojorge','Lezama',2,'aramos@h-h.com.mx',123,4,4,4,'0000123','2021-03-17','2021-03-24 17:53:44',1,''),(262,'Ismael','Trejo','Gomez',2,'aramos@h-h.com.mx',123,4,4,4,'0000123','2021-03-17','2021-03-24 17:53:44',1,''),(263,'Juan Carlos','Cana','Campa',2,'aramos@h-h.com.mx',123,4,4,4,'0000123','2021-03-17','2021-03-24 17:53:44',1,''),(264,'Joshua Eduardo','Castro','Cruz',2,'aramos@h-h.com.mx',123,4,4,4,'0000123','2021-03-17','2021-03-24 17:53:44',1,''),(265,'Amada','Zagha','Haber',2,'aramos@h-h.com.mx',123,4,4,4,'0000123','2021-03-17','2021-03-24 17:53:44',1,''),(266,'Jeannette','Haber','',2,'aramos@h-h.com.mx',123,4,4,4,'0000123','2021-03-17','2021-03-24 17:53:44',1,''),(267,'Hermilio','Hernandez','Alba',2,'aramos@h-h.com.mx',123,4,4,4,'0000123','2021-03-17','2021-03-24 17:53:44',1,''),(268,'Mariam','Guzman','Gasca',2,'aramos@h-h.com.mx',123,4,4,4,'0000123','2021-03-17','2021-03-24 17:53:44',1,''),(269,'Brenda','Denisse','Rodriguez',2,'aramos@h-h.com.mx',123,4,4,4,'0000123','2021-03-17','2021-03-24 17:53:44',1,''),(270,'Lizbeth','Rios','Velazquez',2,'aramos@h-h.com.mx',123,4,4,4,'0000123','2021-03-17','2021-03-24 17:53:44',1,''),(271,'Ernesto','Juarez','Garcia',2,'aramos@h-h.com.mx',123,4,4,4,'0000123','2021-03-17','2021-03-24 17:53:44',1,''),(272,'Velia','Martinez','Lopez',2,'aramos@h-h.com.mx',123,4,4,4,'0000123','2021-03-17','2021-03-24 17:53:44',1,''),(273,'Raul','Valencia','Carmona',2,'aramos@h-h.com.mx',123,4,4,4,'0000123','2021-03-17','2021-03-24 17:53:44',1,''),(274,'Maria Guadalupe','Hernandez','Rivera',2,'aramos@h-h.com.mx',123,4,4,4,'0000123','2021-03-17','2021-03-24 17:53:44',1,''),(275,'Osiel Zait','Flores','Hernandez',2,'aramos@h-h.com.mx',123,4,4,4,'0000123','2021-03-17','2021-03-24 17:53:44',1,''),(276,'Oscar Daniel','Jimenez','Gonzalez',2,'aramos@h-h.com.mx',123,4,4,4,'0000123','2021-03-17','2021-03-24 17:53:44',1,''),(277,'Brenda','Murillo','Vazquez',2,'aramos@h-h.com.mx',123,4,4,4,'0000123','2021-03-17','2021-03-24 17:53:44',1,''),(278,'Raul','Cortes','Garcia',2,'aramos@h-h.com.mx',123,4,4,4,'0000123','2021-03-17','2021-03-24 17:53:44',1,''),(279,'Xorge Christian','Resendiz','Vazquez',2,'aramos@h-h.com.mx',123,4,4,4,'0000123','2021-03-17','2021-03-24 17:53:44',1,''),(280,'Isaias','Marin','Hernandez',2,'aramos@h-h.com.mx',123,4,4,4,'0000123','2021-03-17','2021-03-24 17:53:44',1,''),(281,'Diego Armando','Sanchez','Diaz',2,'aramos@h-h.com.mx',123,4,4,4,'0000123','2021-03-17','2021-03-24 17:53:44',1,''),(282,'Daniela','Gonzalez','Rodriguez',2,'aramos@h-h.com.mx',123,4,4,4,'0000123','2021-03-17','2021-03-24 17:53:44',1,''),(283,'Jose Luis','Martinez','Garay',2,'aramos@h-h.com.mx',123,4,4,4,'0000123','2021-03-17','2021-03-24 17:53:44',1,''),(284,'Laura','Hernandez','Mejia',2,'aramos@h-h.com.mx',123,4,4,4,'0000123','2021-03-17','2021-03-24 17:53:44',1,''),(285,'Rocio','Guerra','Perez',2,'aramos@h-h.com.mx',123,4,4,4,'0000123','2021-03-17','2021-03-24 17:53:44',1,''),(286,'Araceli','Rodriguez','Corona',2,'aramos@h-h.com.mx',123,4,4,4,'0000123','2021-03-17','2021-03-24 17:53:44',1,''),(287,'Enrique','Macias','Santana',2,'aramos@h-h.com.mx',123,4,4,4,'0000123','2021-03-17','2021-03-24 17:53:44',1,''),(288,'Hilaria','Aguilar','Delgado',2,'aramos@h-h.com.mx',123,4,4,4,'0000123','2021-03-17','2021-03-24 17:53:44',1,''),(289,'Sabrina','Hernandez','Jimenez',2,'aramos@h-h.com.mx',123,4,4,4,'0000123','2021-03-17','2021-03-24 17:53:44',1,''),(290,'Brenda','Bernal','Velazquez',2,'aramos@h-h.com.mx',123,4,4,4,'0000123','2021-03-17','2021-03-24 17:53:44',1,''),(291,'Guadalupe Soledad','Mendoza','Hernandez',2,'aramos@h-h.com.mx',123,4,4,4,'0000123','2021-03-17','2021-03-24 17:53:44',1,''),(292,'Juan Carlos','Lopez','Colin',2,'aramos@h-h.com.mx',123,4,4,4,'0000123','2021-03-17','2021-03-24 17:53:44',1,''),(293,'Jessica','Oliver','',2,'aramos@h-h.com.mx',123,4,4,4,'0000123','2021-03-17','2021-03-24 17:53:44',1,''),(294,'Julio Cesar','Morales','Lemus',2,'aramos@h-h.com.mx',123,4,4,4,'0000123','2021-03-17','2021-03-24 17:53:44',1,''),(295,'Victor','Huerta','Rivera',2,'aramos@h-h.com.mx',123,4,4,4,'0000123','2021-03-17','2021-03-24 17:53:44',1,''),(296,'Jesus','Gonzalez','Vazquez',2,'aramos@h-h.com.mx',123,4,4,4,'0000123','2021-03-17','2021-03-24 17:53:44',1,''),(297,'Fernando','Rocha','Chavez',2,'aramos@h-h.com.mx',123,4,4,4,'0000123','2021-03-17','2021-03-24 17:53:44',1,''),(298,'Carolina','Velez','Lopez',2,'aramos@h-h.com.mx',123,4,4,4,'0000123','2021-03-17','2021-03-24 17:53:44',1,''),(299,'Jorge Armando','Angeles','Gutierrez',2,'aramos@h-h.com.mx',123,4,4,4,'0000123','2021-03-17','2021-03-24 17:53:44',1,''),(300,'Sistemas','Sistemas','',2,'aramos@h-h.com.mx',123,4,4,4,'0000123','2021-03-17','2021-03-24 17:53:44',1,''),(301,'Jose Luis','Ortiz','Garcia',2,'aramos@h-h.com.mx',123,4,4,4,'0000123','2021-03-17','2021-03-24 17:53:44',1,''),(302,'Ortiz','equipo','',2,'aramos@h-h.com.mx',123,4,4,4,'0000123','2021-03-17','2021-03-24 17:53:44',1,''),(303,'Pablo Cesar','Garcia','Martinez',2,'aramos@h-h.com.mx',123,4,4,4,'0000123','2021-03-17','2021-03-24 17:53:44',1,''),(304,'Rafael','Ramirez','Espinosa',2,'aramos@h-h.com.mx',123,4,4,4,'0000123','2021-03-17','2021-03-24 17:53:44',1,''),(305,'Jorge','Vilchis','',2,'aramos@h-h.com.mx',123,4,4,4,'0000123','2021-03-17','2021-03-24 17:53:44',1,''),(306,'Gustavo Cesar','Aparicio','Madrigal',2,'aramos@h-h.com.mx',123,4,4,4,'0000123','2021-03-17','2021-03-24 17:53:44',1,''),(307,'Omar Israel','Miranda','Hernadez',2,'aramos@h-h.com.mx',123,4,4,4,'0000123','2021-03-17','2021-03-24 17:53:44',1,''),(308,'Sixto David','Hernandez','Vazquez',2,'aramos@h-h.com.mx',123,4,4,4,'0000123','2021-03-17','2021-03-24 17:53:44',1,''),(309,'Laura','Ruiz','Garcia',2,'aramos@h-h.com.mx',123,4,4,4,'0000123','2021-03-17','2021-03-24 17:53:44',1,''),(310,'Rina','Angeles','Gutierrez',2,'aramos@h-h.com.mx',123,4,4,4,'0000123','2021-03-17','2021-03-24 17:53:44',1,''),(311,'Reyna','Perez','Hernandez',2,'aramos@h-h.com.mx',123,4,4,4,'0000123','2021-03-17','2021-03-24 17:53:44',1,''),(312,'sofia','lopez','',2,'aramos@h-h.com.mx',123,4,4,4,'0000123','2021-03-17','2021-03-24 17:53:44',1,''),(313,'Mario Alberto','Duran','Carrillo',2,'aramos@h-h.com.mx',123,4,4,4,'0000123','2021-03-17','2021-03-24 17:53:44',1,''),(314,'Reynaldo','Diaz','Gutierrez',2,'aramos@h-h.com.mx',123,4,4,4,'0000123','2021-03-17','2021-03-24 17:53:44',1,''),(315,'Reynaldo','Diaz','Gutierrez',2,'aramos@h-h.com.mx',123,4,4,4,'0000123','2021-03-17','2021-03-24 17:53:44',1,''),(316,'Eloisa','Hernandez','Lagunas',2,'aramos@h-h.com.mx',123,4,4,4,'0000123','2021-03-17','2021-03-24 17:53:44',1,''),(317,'Sandra','Sanchez','Rosales',2,'aramos@h-h.com.mx',123,4,4,4,'0000123','2021-03-17','2021-03-24 17:53:44',1,''),(318,'Patricia','Monge','Escamilla',2,'aramos@h-h.com.mx',123,4,4,4,'0000123','2021-03-17','2021-03-24 17:53:44',1,''),(319,'Teresita Citlalic','Martinez','Perez',2,'aramos@h-h.com.mx',123,4,4,4,'0000123','2021-03-17','2021-03-24 17:53:44',1,''),(320,'Sonia Lol Ha','Martinez','Rodriguez',2,'aramos@h-h.com.mx',123,4,4,4,'0000123','2021-03-17','2021-03-24 17:53:44',1,''),(321,'Eva Laura','Sanchez','Alvarez',2,'aramos@h-h.com.mx',123,4,4,4,'0000123','2021-03-17','2021-03-24 17:53:44',1,''),(322,'Maria Fatima','Martinez','Sanchez',2,'aramos@h-h.com.mx',123,4,4,4,'0000123','2021-03-17','2021-03-24 17:53:44',1,''),(323,'Heidi','Garcia','Landa',2,'aramos@h-h.com.mx',123,4,4,4,'0000123','2021-03-17','2021-03-24 17:53:44',1,''),(324,'Lucila','Galicia','',2,'aramos@h-h.com.mx',123,4,4,4,'0000123','2021-03-17','2021-03-24 17:53:44',1,''),(325,'Toma','de','tallas 1',2,'aramos@h-h.com.mx',123,4,4,4,'0000123','2021-03-17','2021-03-24 17:53:44',1,''),(326,'Fortino','Contreras','',2,'aramos@h-h.com.mx',123,4,4,4,'0000123','2021-03-17','2021-03-24 17:53:44',1,''),(327,'Roberto','Bautista','Juarez',2,'aramos@h-h.com.mx',123,4,4,4,'0000123','2021-03-17','2021-03-24 17:53:44',1,''),(328,'Felipe','Sterling','',2,'aramos@h-h.com.mx',123,4,4,4,'0000123','2021-03-17','2021-03-24 17:53:44',1,''),(329,'Edgar','Jimenez','',2,'aramos@h-h.com.mx',123,4,4,4,'0000123','2021-03-17','2021-03-24 17:53:44',1,''),(330,'Paola','Arce','Juarez',2,'aramos@h-h.com.mx',123,4,4,4,'0000123','2021-03-17','2021-03-24 17:53:44',1,'');

/*Table structure for table `usuarios_equipo` */

DROP TABLE IF EXISTS `usuarios_equipo`;

CREATE TABLE `usuarios_equipo` (
  `id` int(11) NOT NULL AUTO_INCREMENT,
  `id_usuario` int(11) NOT NULL,
  `id_equipo` int(11) NOT NULL,
  `registro` datetime NOT NULL DEFAULT CURRENT_TIMESTAMP,
  `status` tinyint(4) NOT NULL DEFAULT '1',
  PRIMARY KEY (`id`)
) ENGINE=InnoDB AUTO_INCREMENT=185 DEFAULT CHARSET=utf8 COLLATE=utf8_spanish_ci;

/*Data for the table `usuarios_equipo` */

insert  into `usuarios_equipo`(`id`,`id_usuario`,`id_equipo`,`registro`,`status`) values (3,2,4,'0000-00-00 00:00:00',0),(4,2,1,'2019-12-27 22:37:31',1),(5,1,1,'2019-12-27 22:41:08',0),(6,1,1,'2019-12-27 22:41:51',0),(7,2,4,'2019-12-27 22:41:56',0),(8,1,1,'2019-12-27 22:42:13',0),(9,1,4,'2019-12-27 22:48:50',0),(10,1,4,'2019-12-27 23:08:23',0),(11,2,1,'2019-12-27 23:08:47',0),(12,1,3,'2019-12-27 23:09:41',0),(13,1,1,'2019-12-27 23:14:13',1),(14,2,4,'2020-05-05 12:56:29',1),(15,4,5,'2021-03-15 18:45:57',1),(16,4,6,'2021-03-15 18:45:57',1),(17,4,7,'2021-03-15 18:45:57',1),(18,4,8,'2021-03-15 18:45:57',1),(19,5,9,'2021-03-15 18:45:57',1),(20,6,10,'2021-03-15 18:45:57',1),(21,7,11,'2021-03-15 18:45:57',1),(22,8,12,'2021-03-15 18:45:57',1),(23,8,13,'2021-03-15 18:45:57',1),(24,9,14,'2021-03-15 18:45:57',1),(25,10,15,'2021-03-15 18:45:57',1),(26,11,16,'2021-03-15 18:45:57',1),(27,12,17,'2021-03-15 18:45:57',1),(28,13,18,'2021-03-15 18:45:57',1),(29,14,19,'2021-03-15 18:45:57',1),(30,15,20,'2021-03-15 18:45:57',1),(31,16,21,'2021-03-15 18:45:57',1),(32,17,22,'2021-03-15 18:45:57',1),(33,18,23,'2021-03-15 18:45:57',1),(34,19,24,'2021-03-15 18:45:57',1),(35,20,25,'2021-03-15 18:45:57',1),(36,21,26,'2021-03-15 18:45:57',1),(37,21,27,'2021-03-15 18:45:57',1),(38,22,28,'2021-03-15 18:45:57',1),(39,23,29,'2021-03-15 18:45:57',1),(40,24,30,'2021-03-15 18:45:57',1),(41,24,31,'2021-03-15 18:45:57',1),(42,24,32,'2021-03-15 18:45:57',1),(43,24,33,'2021-03-15 18:45:57',1),(44,25,34,'2021-03-15 18:45:57',1),(45,26,35,'2021-03-15 18:45:57',1),(46,27,36,'2021-03-15 18:45:57',1),(47,28,37,'2021-03-15 18:45:57',1),(48,29,38,'2021-03-15 18:45:57',1),(49,30,39,'2021-03-15 18:45:57',1),(50,31,40,'2021-03-15 18:45:57',1),(51,32,41,'2021-03-15 18:45:57',1),(52,33,42,'2021-03-15 18:45:57',1),(53,34,43,'2021-03-15 18:45:57',1),(54,35,44,'2021-03-15 18:45:57',1),(55,36,45,'2021-03-15 18:45:57',1),(56,37,46,'2021-03-15 18:45:57',1),(57,38,47,'2021-03-15 18:45:57',1),(58,39,48,'2021-03-15 18:45:57',1),(59,40,49,'2021-03-15 18:45:57',1),(60,41,50,'2021-03-15 18:45:57',1),(61,42,51,'2021-03-15 18:45:57',1),(62,43,52,'2021-03-15 18:45:57',1),(63,44,53,'2021-03-15 18:45:57',1),(64,45,54,'2021-03-15 18:45:57',1),(65,46,55,'2021-03-15 18:45:57',1),(66,47,56,'2021-03-15 18:45:57',1),(67,48,57,'2021-03-15 18:45:57',1),(68,49,58,'2021-03-15 18:45:57',1),(69,50,59,'2021-03-15 18:45:57',1),(70,51,60,'2021-03-15 18:45:57',1),(71,52,61,'2021-03-15 18:45:57',1),(72,53,62,'2021-03-15 18:45:57',1),(73,54,63,'2021-03-15 18:45:57',1),(74,55,64,'2021-03-15 18:45:57',1),(75,56,65,'2021-03-15 18:45:57',1),(76,57,66,'2021-03-15 18:45:57',1),(77,58,67,'2021-03-15 18:45:57',1),(78,59,68,'2021-03-15 18:45:57',1),(79,60,69,'2021-03-15 18:45:57',1),(80,61,70,'2021-03-15 18:45:57',1),(81,62,71,'2021-03-15 18:45:57',1),(82,63,72,'2021-03-15 18:45:57',1),(83,64,73,'2021-03-15 18:45:57',1),(84,65,74,'2021-03-15 18:45:57',1),(85,66,75,'2021-03-15 18:45:57',1),(86,67,76,'2021-03-15 18:45:57',1),(87,68,77,'2021-03-15 18:45:57',1),(88,69,78,'2021-03-15 18:45:57',1),(89,70,79,'2021-03-15 18:45:57',1),(90,71,80,'2021-03-15 18:45:57',1),(91,72,81,'2021-03-15 18:45:57',1),(92,73,82,'2021-03-15 18:45:57',1),(93,74,83,'2021-03-15 18:45:57',1),(94,75,84,'2021-03-15 18:45:57',1),(95,76,85,'2021-03-15 18:45:57',1),(96,77,86,'2021-03-15 18:45:57',1),(97,78,87,'2021-03-15 18:45:57',1),(98,79,88,'2021-03-15 18:45:57',1),(99,80,89,'2021-03-15 18:45:57',1),(100,81,90,'2021-03-15 18:45:57',1),(101,82,91,'2021-03-15 18:45:57',1),(102,83,92,'2021-03-15 18:45:57',1),(103,84,93,'2021-03-15 18:45:57',1),(104,85,94,'2021-03-15 18:45:57',1),(105,86,95,'2021-03-15 18:45:57',1),(106,87,96,'2021-03-15 18:45:57',1),(107,88,97,'2021-03-15 18:45:57',1),(108,89,98,'2021-03-15 18:45:57',1),(109,90,99,'2021-03-15 18:45:57',1),(110,90,100,'2021-03-15 18:45:57',1),(111,90,101,'2021-03-15 18:45:57',1),(112,91,102,'2021-03-15 18:45:57',1),(113,92,103,'2021-03-15 18:45:57',1),(114,93,104,'2021-03-15 18:45:57',1),(115,94,105,'2021-03-15 18:45:57',1),(116,95,106,'2021-03-15 18:45:57',1),(117,96,108,'2021-03-15 18:45:57',1),(118,97,109,'2021-03-15 18:45:57',1),(119,98,110,'2021-03-15 18:45:57',1),(120,99,111,'2021-03-15 18:45:57',1),(121,100,112,'2021-03-15 18:45:57',1),(122,101,115,'2021-03-15 18:45:57',1),(123,102,116,'2021-03-15 18:45:57',1),(124,103,117,'2021-03-15 18:45:57',1),(125,104,118,'2021-03-15 18:45:57',1),(126,105,119,'2021-03-15 18:45:57',1),(127,106,120,'2021-03-15 18:45:57',1),(128,107,121,'2021-03-15 18:45:57',1),(129,108,122,'2021-03-15 18:45:57',1),(130,109,123,'2021-03-15 18:45:57',1),(131,110,124,'2021-03-15 18:45:57',1),(132,111,125,'2021-03-15 18:45:57',1),(133,112,180,'2021-03-29 18:52:09',1),(134,113,181,'2021-03-29 18:52:09',1),(135,114,182,'2021-03-29 18:52:09',1),(136,115,183,'2021-03-29 18:52:09',1),(137,116,184,'2021-03-29 18:52:09',1),(138,117,185,'2021-03-29 18:52:09',1),(139,118,186,'2021-03-29 18:52:09',1),(140,119,187,'2021-03-29 18:52:09',1),(141,120,188,'2021-03-29 18:52:09',1),(142,121,189,'2021-03-29 18:52:09',1),(143,122,190,'2021-03-29 18:52:09',1),(144,123,191,'2021-03-29 18:52:09',1),(145,124,192,'2021-03-29 18:52:09',1),(146,125,193,'2021-03-29 18:52:09',1),(147,126,194,'2021-03-29 18:52:09',1),(148,127,195,'2021-03-29 18:52:09',1),(149,128,196,'2021-03-29 18:52:09',1),(150,129,197,'2021-03-29 18:52:09',1),(151,130,198,'2021-03-29 18:52:09',1),(152,131,199,'2021-03-29 18:52:09',1),(153,132,200,'2021-03-29 18:52:09',1),(154,133,201,'2021-03-29 18:52:09',1),(155,134,202,'2021-03-29 18:52:09',1),(156,135,203,'2021-03-29 18:52:09',1),(157,136,204,'2021-03-29 18:52:09',1),(158,137,205,'2021-03-29 18:52:09',1),(159,138,206,'2021-03-29 18:52:09',1),(160,139,207,'2021-03-29 18:52:09',1),(161,140,208,'2021-03-29 18:52:09',1),(162,141,209,'2021-03-29 18:52:09',1),(163,142,210,'2021-03-29 18:52:09',1),(164,143,211,'2021-03-29 18:52:09',1),(165,144,212,'2021-03-29 18:52:09',1),(166,145,213,'2021-03-29 18:52:09',1),(167,146,214,'2021-03-29 18:52:09',1),(168,147,215,'2021-03-29 18:52:09',1),(169,148,216,'2021-03-29 18:52:09',1),(170,149,217,'2021-03-29 18:52:09',1),(171,150,218,'2021-03-29 18:52:09',1),(172,151,219,'2021-03-29 18:52:09',1),(173,152,220,'2021-03-29 18:52:09',1),(174,153,221,'2021-03-29 18:52:09',1),(175,154,222,'2021-03-29 18:52:09',1),(176,155,223,'2021-03-29 18:52:09',1),(177,156,224,'2021-03-29 18:52:09',1),(178,157,225,'2021-03-29 18:52:09',1),(179,158,226,'2021-03-29 18:52:09',1),(180,159,227,'2021-03-29 18:52:09',1),(181,160,228,'2021-03-29 18:52:09',1),(182,161,229,'2021-03-29 18:52:09',1),(183,162,230,'2021-03-29 18:52:09',1),(184,163,231,'2021-03-29 18:52:09',1);

/*!40101 SET SQL_MODE=@OLD_SQL_MODE */;
/*!40014 SET FOREIGN_KEY_CHECKS=@OLD_FOREIGN_KEY_CHECKS */;
/*!40014 SET UNIQUE_CHECKS=@OLD_UNIQUE_CHECKS */;
/*!40111 SET SQL_NOTES=@OLD_SQL_NOTES */;
